-- phpMyAdmin SQL Dump
-- version 4.5.1
-- http://www.phpmyadmin.net
--
-- Host: 127.0.0.1
-- Generation Time: Jan 06, 2017 at 02:43 PM
-- Server version: 10.1.19-MariaDB
-- PHP Version: 5.5.38

SET SQL_MODE = "NO_AUTO_VALUE_ON_ZERO";
SET time_zone = "+00:00";


/*!40101 SET @OLD_CHARACTER_SET_CLIENT=@@CHARACTER_SET_CLIENT */;
/*!40101 SET @OLD_CHARACTER_SET_RESULTS=@@CHARACTER_SET_RESULTS */;
/*!40101 SET @OLD_COLLATION_CONNECTION=@@COLLATION_CONNECTION */;
/*!40101 SET NAMES utf8mb4 */;

--
-- Database: `taymusic`
--

-- --------------------------------------------------------

--
-- Table structure for table `activity_tracking`
--

CREATE TABLE `activity_tracking` (
  `ACTIVITY_ID` int(11) NOT NULL,
  `ACTIVITY_ACTION` varchar(60) NOT NULL,
  `ACTIVITY_DATA` text NOT NULL,
  `ACTIVITY_DATA1` text NOT NULL,
  `ACTIVITY_DATE` datetime NOT NULL,
  `SYSTEM_IP` varchar(64) NOT NULL,
  `SYSTEM_INFO` text NOT NULL,
  `SYSTEM_MAC` varchar(64) NOT NULL,
  `STATUS` int(10) NOT NULL DEFAULT '0',
  `ACTIVITY_UPDATED_ON` timestamp NOT NULL DEFAULT CURRENT_TIMESTAMP ON UPDATE CURRENT_TIMESTAMP,
  `ACTIVITY_BY` varchar(64) NOT NULL
) ENGINE=InnoDB DEFAULT CHARSET=latin1;

--
-- Dumping data for table `activity_tracking`
--

INSERT INTO `activity_tracking` (`ACTIVITY_ID`, `ACTIVITY_ACTION`, `ACTIVITY_DATA`, `ACTIVITY_DATA1`, `ACTIVITY_DATE`, `SYSTEM_IP`, `SYSTEM_INFO`, `SYSTEM_MAC`, `STATUS`, `ACTIVITY_UPDATED_ON`, `ACTIVITY_BY`) VALUES
(1, 'Login', '{"username":"administrator","password":"tesrsdf","userCaptcha":"235574"}', '', '2016-12-29 09:06:10', '::1', '{"MIBDIRS":"C:\\/xampp\\/php\\/extras\\/mibs","MYSQL_HOME":"\\\\xampp\\\\mysql\\\\bin","OPENSSL_CONF":"C:\\/xampp\\/apache\\/bin\\/openssl.cnf","PHP_PEAR_SYSCONF_DIR":"\\\\xampp\\\\php","PHPRC":"\\\\xampp\\\\php","TMP":"\\\\xampp\\\\tmp","HTTP_HOST":"[::1]","HTTP_USER_AGENT":"Mozilla\\/5.0 (Windows NT 6.1; rv:50.0) Gecko\\/20100101 Firefox\\/50.0","HTTP_ACCEPT":"text\\/html,application\\/xhtml+xml,application\\/xml;q=0.9,*\\/*;q=0.8","HTTP_ACCEPT_LANGUAGE":"en-GB,en;q=0.5","HTTP_ACCEPT_ENCODING":"gzip, deflate","HTTP_REFERER":"http:\\/\\/[::1]\\/music\\/","HTTP_COOKIE":"ci_session=k47rjk4nrb4m0fdddvitg6tbm683tah0","HTTP_CONNECTION":"keep-alive","HTTP_UPGRADE_INSECURE_REQUESTS":"1","CONTENT_TYPE":"application\\/x-www-form-urlencoded","CONTENT_LENGTH":"58","PATH":"C:\\\\ProgramData\\\\Oracle\\\\Java\\\\javapath;C:\\\\Windows\\\\system32;C:\\\\Windows;C:\\\\Windows\\\\System32\\\\Wbem;C:\\\\Windows\\\\System32\\\\WindowsPowerShell\\\\v1.0\\\\;C:\\\\Program Files\\\\Intel\\\\OpenCL SDK\\\\2.0\\\\bin\\\\x86;C:\\\\Program Files\\\\WinSCP3\\\\;C:\\\\Program Files\\\\Java\\\\jdk1.7.0\\\\bin;C:\\\\Program Files\\\\TortoiseSVN\\\\bin;C:\\\\Program Files\\\\apache-maven-3.3.9\\\\bin;C:\\\\Program Files\\\\apache-maven-3.3.9\\\\bin;C:\\\\Python27;C:\\\\Program Files\\\\nodejs\\\\;C:\\\\Program Files\\\\Skype\\\\Phone\\\\;","SystemRoot":"C:\\\\Windows","COMSPEC":"C:\\\\Windows\\\\system32\\\\cmd.exe","PATHEXT":".COM;.EXE;.BAT;.CMD;.VBS;.VBE;.JS;.JSE;.WSF;.WSH;.MSC","WINDIR":"C:\\\\Windows","SERVER_SIGNATURE":"<address>Apache\\/2.4.23 (Win32) OpenSSL\\/1.0.2h PHP\\/5.5.38 Server at ::1 Port 80<\\/address>\\n","SERVER_SOFTWARE":"Apache\\/2.4.23 (Win32) OpenSSL\\/1.0.2h PHP\\/5.5.38","SERVER_NAME":"[::1]","SERVER_ADDR":"::1","SERVER_PORT":"80","REMOTE_ADDR":"::1","DOCUMENT_ROOT":"C:\\/xampp\\/htdocs","REQUEST_SCHEME":"http","CONTEXT_PREFIX":"","CONTEXT_DOCUMENT_ROOT":"C:\\/xampp\\/htdocs","SERVER_ADMIN":"postmaster@localhost","SCRIPT_FILENAME":"C:\\/xampp\\/htdocs\\/music\\/index.php","REMOTE_PORT":"60312","GATEWAY_INTERFACE":"CGI\\/1.1","SERVER_PROTOCOL":"HTTP\\/1.1","REQUEST_METHOD":"POST","QUERY_STRING":"","REQUEST_URI":"\\/music\\/","SCRIPT_NAME":"\\/music\\/index.php","PHP_SELF":"\\/music\\/index.php","REQUEST_TIME_FLOAT":1482998770.485,"REQUEST_TIME":1482998770}', '', 0, '2016-12-29 08:06:10', ''),
(2, 'Login', '{"username":"sdsa","password":"sdsad","userCaptcha":"663644"}', ' ', '2016-12-29 10:23:30', '::1', '{"MIBDIRS":"C:\\/xampp\\/php\\/extras\\/mibs","MYSQL_HOME":"\\\\xampp\\\\mysql\\\\bin","OPENSSL_CONF":"C:\\/xampp\\/apache\\/bin\\/openssl.cnf","PHP_PEAR_SYSCONF_DIR":"\\\\xampp\\\\php","PHPRC":"\\\\xampp\\\\php","TMP":"\\\\xampp\\\\tmp","HTTP_HOST":"localhost","HTTP_USER_AGENT":"Mozilla\\/5.0 (Windows NT 6.1; rv:50.0) Gecko\\/20100101 Firefox\\/50.0","HTTP_ACCEPT":"text\\/html,application\\/xhtml+xml,application\\/xml;q=0.9,*\\/*;q=0.8","HTTP_ACCEPT_LANGUAGE":"en-GB,en;q=0.5","HTTP_ACCEPT_ENCODING":"gzip, deflate","HTTP_REFERER":"http:\\/\\/localhost\\/music\\/","HTTP_COOKIE":"PHPSESSID=c9ib2un9hu9qneedrr1ib4n9j6; ci_session=1h7n0d3aarknaiiibts9nqv023pdvbc8","HTTP_CONNECTION":"keep-alive","HTTP_UPGRADE_INSECURE_REQUESTS":"1","CONTENT_TYPE":"application\\/x-www-form-urlencoded","CONTENT_LENGTH":"47","PATH":"C:\\\\ProgramData\\\\Oracle\\\\Java\\\\javapath;C:\\\\Windows\\\\system32;C:\\\\Windows;C:\\\\Windows\\\\System32\\\\Wbem;C:\\\\Windows\\\\System32\\\\WindowsPowerShell\\\\v1.0\\\\;C:\\\\Program Files\\\\Intel\\\\OpenCL SDK\\\\2.0\\\\bin\\\\x86;C:\\\\Program Files\\\\WinSCP3\\\\;C:\\\\Program Files\\\\Java\\\\jdk1.7.0\\\\bin;C:\\\\Program Files\\\\TortoiseSVN\\\\bin;C:\\\\Program Files\\\\apache-maven-3.3.9\\\\bin;C:\\\\Program Files\\\\apache-maven-3.3.9\\\\bin;C:\\\\Python27;C:\\\\Program Files\\\\nodejs\\\\;C:\\\\Program Files\\\\Skype\\\\Phone\\\\;","SystemRoot":"C:\\\\Windows","COMSPEC":"C:\\\\Windows\\\\system32\\\\cmd.exe","PATHEXT":".COM;.EXE;.BAT;.CMD;.VBS;.VBE;.JS;.JSE;.WSF;.WSH;.MSC","WINDIR":"C:\\\\Windows","SERVER_SIGNATURE":"<address>Apache\\/2.4.23 (Win32) OpenSSL\\/1.0.2h PHP\\/5.5.38 Server at localhost Port 80<\\/address>\\n","SERVER_SOFTWARE":"Apache\\/2.4.23 (Win32) OpenSSL\\/1.0.2h PHP\\/5.5.38","SERVER_NAME":"localhost","SERVER_ADDR":"::1","SERVER_PORT":"80","REMOTE_ADDR":"::1","DOCUMENT_ROOT":"C:\\/xampp\\/htdocs","REQUEST_SCHEME":"http","CONTEXT_PREFIX":"","CONTEXT_DOCUMENT_ROOT":"C:\\/xampp\\/htdocs","SERVER_ADMIN":"postmaster@localhost","SCRIPT_FILENAME":"C:\\/xampp\\/htdocs\\/music\\/index.php","REMOTE_PORT":"61348","GATEWAY_INTERFACE":"CGI\\/1.1","SERVER_PROTOCOL":"HTTP\\/1.1","REQUEST_METHOD":"POST","QUERY_STRING":"","REQUEST_URI":"\\/music\\/","SCRIPT_NAME":"\\/music\\/index.php","PHP_SELF":"\\/music\\/index.php","REQUEST_TIME_FLOAT":1483003410.281,"REQUEST_TIME":1483003410}', '', 0, '2016-12-29 09:23:30', ''),
(3, 'Login', '{"username":"sds","password":"dsads","userCaptcha":"233721"}', 'login index', '2016-12-29 10:24:25', '::1', '{"MIBDIRS":"C:\\/xampp\\/php\\/extras\\/mibs","MYSQL_HOME":"\\\\xampp\\\\mysql\\\\bin","OPENSSL_CONF":"C:\\/xampp\\/apache\\/bin\\/openssl.cnf","PHP_PEAR_SYSCONF_DIR":"\\\\xampp\\\\php","PHPRC":"\\\\xampp\\\\php","TMP":"\\\\xampp\\\\tmp","HTTP_HOST":"localhost","HTTP_USER_AGENT":"Mozilla\\/5.0 (Windows NT 6.1; rv:50.0) Gecko\\/20100101 Firefox\\/50.0","HTTP_ACCEPT":"text\\/html,application\\/xhtml+xml,application\\/xml;q=0.9,*\\/*;q=0.8","HTTP_ACCEPT_LANGUAGE":"en-GB,en;q=0.5","HTTP_ACCEPT_ENCODING":"gzip, deflate","HTTP_REFERER":"http:\\/\\/localhost\\/music\\/","HTTP_COOKIE":"PHPSESSID=c9ib2un9hu9qneedrr1ib4n9j6; ci_session=1h7n0d3aarknaiiibts9nqv023pdvbc8","HTTP_CONNECTION":"keep-alive","HTTP_UPGRADE_INSECURE_REQUESTS":"1","CONTENT_TYPE":"application\\/x-www-form-urlencoded","CONTENT_LENGTH":"46","PATH":"C:\\\\ProgramData\\\\Oracle\\\\Java\\\\javapath;C:\\\\Windows\\\\system32;C:\\\\Windows;C:\\\\Windows\\\\System32\\\\Wbem;C:\\\\Windows\\\\System32\\\\WindowsPowerShell\\\\v1.0\\\\;C:\\\\Program Files\\\\Intel\\\\OpenCL SDK\\\\2.0\\\\bin\\\\x86;C:\\\\Program Files\\\\WinSCP3\\\\;C:\\\\Program Files\\\\Java\\\\jdk1.7.0\\\\bin;C:\\\\Program Files\\\\TortoiseSVN\\\\bin;C:\\\\Program Files\\\\apache-maven-3.3.9\\\\bin;C:\\\\Program Files\\\\apache-maven-3.3.9\\\\bin;C:\\\\Python27;C:\\\\Program Files\\\\nodejs\\\\;C:\\\\Program Files\\\\Skype\\\\Phone\\\\;","SystemRoot":"C:\\\\Windows","COMSPEC":"C:\\\\Windows\\\\system32\\\\cmd.exe","PATHEXT":".COM;.EXE;.BAT;.CMD;.VBS;.VBE;.JS;.JSE;.WSF;.WSH;.MSC","WINDIR":"C:\\\\Windows","SERVER_SIGNATURE":"<address>Apache\\/2.4.23 (Win32) OpenSSL\\/1.0.2h PHP\\/5.5.38 Server at localhost Port 80<\\/address>\\n","SERVER_SOFTWARE":"Apache\\/2.4.23 (Win32) OpenSSL\\/1.0.2h PHP\\/5.5.38","SERVER_NAME":"localhost","SERVER_ADDR":"::1","SERVER_PORT":"80","REMOTE_ADDR":"::1","DOCUMENT_ROOT":"C:\\/xampp\\/htdocs","REQUEST_SCHEME":"http","CONTEXT_PREFIX":"","CONTEXT_DOCUMENT_ROOT":"C:\\/xampp\\/htdocs","SERVER_ADMIN":"postmaster@localhost","SCRIPT_FILENAME":"C:\\/xampp\\/htdocs\\/music\\/index.php","REMOTE_PORT":"61379","GATEWAY_INTERFACE":"CGI\\/1.1","SERVER_PROTOCOL":"HTTP\\/1.1","REQUEST_METHOD":"POST","QUERY_STRING":"","REQUEST_URI":"\\/music\\/","SCRIPT_NAME":"\\/music\\/index.php","PHP_SELF":"\\/music\\/index.php","REQUEST_TIME_FLOAT":1483003465.224,"REQUEST_TIME":1483003465}', '', 0, '2016-12-29 09:24:25', ''),
(4, 'Login', '{"ADMIN_ID":"10001","email":null,"username":"","fname":"Digient","lname":"Guindy"}', '', '2016-12-29 10:35:05', '::1', '{"MIBDIRS":"C:\\/xampp\\/php\\/extras\\/mibs","MYSQL_HOME":"\\\\xampp\\\\mysql\\\\bin","OPENSSL_CONF":"C:\\/xampp\\/apache\\/bin\\/openssl.cnf","PHP_PEAR_SYSCONF_DIR":"\\\\xampp\\\\php","PHPRC":"\\\\xampp\\\\php","TMP":"\\\\xampp\\\\tmp","HTTP_HOST":"localhost","HTTP_USER_AGENT":"Mozilla\\/5.0 (Windows NT 6.1; rv:50.0) Gecko\\/20100101 Firefox\\/50.0","HTTP_ACCEPT":"text\\/html,application\\/xhtml+xml,application\\/xml;q=0.9,*\\/*;q=0.8","HTTP_ACCEPT_LANGUAGE":"en-GB,en;q=0.5","HTTP_ACCEPT_ENCODING":"gzip, deflate","HTTP_REFERER":"http:\\/\\/localhost\\/music\\/","HTTP_COOKIE":"PHPSESSID=c9ib2un9hu9qneedrr1ib4n9j6; ci_session=tfhimpg7kpqjcbcip33oqme0qem0vqiq","HTTP_CONNECTION":"keep-alive","HTTP_UPGRADE_INSECURE_REQUESTS":"1","CONTENT_TYPE":"application\\/x-www-form-urlencoded","CONTENT_LENGTH":"58","PATH":"C:\\\\ProgramData\\\\Oracle\\\\Java\\\\javapath;C:\\\\Windows\\\\system32;C:\\\\Windows;C:\\\\Windows\\\\System32\\\\Wbem;C:\\\\Windows\\\\System32\\\\WindowsPowerShell\\\\v1.0\\\\;C:\\\\Program Files\\\\Intel\\\\OpenCL SDK\\\\2.0\\\\bin\\\\x86;C:\\\\Program Files\\\\WinSCP3\\\\;C:\\\\Program Files\\\\Java\\\\jdk1.7.0\\\\bin;C:\\\\Program Files\\\\TortoiseSVN\\\\bin;C:\\\\Program Files\\\\apache-maven-3.3.9\\\\bin;C:\\\\Program Files\\\\apache-maven-3.3.9\\\\bin;C:\\\\Python27;C:\\\\Program Files\\\\nodejs\\\\;C:\\\\Program Files\\\\Skype\\\\Phone\\\\;","SystemRoot":"C:\\\\Windows","COMSPEC":"C:\\\\Windows\\\\system32\\\\cmd.exe","PATHEXT":".COM;.EXE;.BAT;.CMD;.VBS;.VBE;.JS;.JSE;.WSF;.WSH;.MSC","WINDIR":"C:\\\\Windows","SERVER_SIGNATURE":"<address>Apache\\/2.4.23 (Win32) OpenSSL\\/1.0.2h PHP\\/5.5.38 Server at localhost Port 80<\\/address>\\n","SERVER_SOFTWARE":"Apache\\/2.4.23 (Win32) OpenSSL\\/1.0.2h PHP\\/5.5.38","SERVER_NAME":"localhost","SERVER_ADDR":"::1","SERVER_PORT":"80","REMOTE_ADDR":"::1","DOCUMENT_ROOT":"C:\\/xampp\\/htdocs","REQUEST_SCHEME":"http","CONTEXT_PREFIX":"","CONTEXT_DOCUMENT_ROOT":"C:\\/xampp\\/htdocs","SERVER_ADMIN":"postmaster@localhost","SCRIPT_FILENAME":"C:\\/xampp\\/htdocs\\/music\\/index.php","REMOTE_PORT":"61542","GATEWAY_INTERFACE":"CGI\\/1.1","SERVER_PROTOCOL":"HTTP\\/1.1","REQUEST_METHOD":"POST","QUERY_STRING":"","REQUEST_URI":"\\/music\\/","SCRIPT_NAME":"\\/music\\/index.php","PHP_SELF":"\\/music\\/index.php","REQUEST_TIME_FLOAT":1483004105.462,"REQUEST_TIME":1483004105}', '', 1, '2016-12-29 09:35:05', '10001'),
(5, 'Login', '{"ADMIN_ID":"10001","email":null,"username":"","fname":"Digient","lname":"Guindy"}', '', '2016-12-29 10:35:42', '::1', '{"MIBDIRS":"C:\\/xampp\\/php\\/extras\\/mibs","MYSQL_HOME":"\\\\xampp\\\\mysql\\\\bin","OPENSSL_CONF":"C:\\/xampp\\/apache\\/bin\\/openssl.cnf","PHP_PEAR_SYSCONF_DIR":"\\\\xampp\\\\php","PHPRC":"\\\\xampp\\\\php","TMP":"\\\\xampp\\\\tmp","HTTP_HOST":"[::1]","HTTP_USER_AGENT":"Mozilla\\/5.0 (Windows NT 6.1; rv:50.0) Gecko\\/20100101 Firefox\\/50.0","HTTP_ACCEPT":"text\\/html,application\\/xhtml+xml,application\\/xml;q=0.9,*\\/*;q=0.8","HTTP_ACCEPT_LANGUAGE":"en-GB,en;q=0.5","HTTP_ACCEPT_ENCODING":"gzip, deflate","HTTP_REFERER":"http:\\/\\/[::1]\\/music\\/","HTTP_COOKIE":"ci_session=159imavvide3h1mknsfnfa6hh249u072","HTTP_CONNECTION":"keep-alive","HTTP_UPGRADE_INSECURE_REQUESTS":"1","CONTENT_TYPE":"application\\/x-www-form-urlencoded","CONTENT_LENGTH":"58","PATH":"C:\\\\ProgramData\\\\Oracle\\\\Java\\\\javapath;C:\\\\Windows\\\\system32;C:\\\\Windows;C:\\\\Windows\\\\System32\\\\Wbem;C:\\\\Windows\\\\System32\\\\WindowsPowerShell\\\\v1.0\\\\;C:\\\\Program Files\\\\Intel\\\\OpenCL SDK\\\\2.0\\\\bin\\\\x86;C:\\\\Program Files\\\\WinSCP3\\\\;C:\\\\Program Files\\\\Java\\\\jdk1.7.0\\\\bin;C:\\\\Program Files\\\\TortoiseSVN\\\\bin;C:\\\\Program Files\\\\apache-maven-3.3.9\\\\bin;C:\\\\Program Files\\\\apache-maven-3.3.9\\\\bin;C:\\\\Python27;C:\\\\Program Files\\\\nodejs\\\\;C:\\\\Program Files\\\\Skype\\\\Phone\\\\;","SystemRoot":"C:\\\\Windows","COMSPEC":"C:\\\\Windows\\\\system32\\\\cmd.exe","PATHEXT":".COM;.EXE;.BAT;.CMD;.VBS;.VBE;.JS;.JSE;.WSF;.WSH;.MSC","WINDIR":"C:\\\\Windows","SERVER_SIGNATURE":"<address>Apache\\/2.4.23 (Win32) OpenSSL\\/1.0.2h PHP\\/5.5.38 Server at ::1 Port 80<\\/address>\\n","SERVER_SOFTWARE":"Apache\\/2.4.23 (Win32) OpenSSL\\/1.0.2h PHP\\/5.5.38","SERVER_NAME":"[::1]","SERVER_ADDR":"::1","SERVER_PORT":"80","REMOTE_ADDR":"::1","DOCUMENT_ROOT":"C:\\/xampp\\/htdocs","REQUEST_SCHEME":"http","CONTEXT_PREFIX":"","CONTEXT_DOCUMENT_ROOT":"C:\\/xampp\\/htdocs","SERVER_ADMIN":"postmaster@localhost","SCRIPT_FILENAME":"C:\\/xampp\\/htdocs\\/music\\/index.php","REMOTE_PORT":"61552","GATEWAY_INTERFACE":"CGI\\/1.1","SERVER_PROTOCOL":"HTTP\\/1.1","REQUEST_METHOD":"POST","QUERY_STRING":"","REQUEST_URI":"\\/music\\/","SCRIPT_NAME":"\\/music\\/index.php","PHP_SELF":"\\/music\\/index.php","REQUEST_TIME_FLOAT":1483004142.559,"REQUEST_TIME":1483004142}', '', 1, '2016-12-29 09:35:42', '10001'),
(6, 'Insert', '{"artistType":"4","username":"raja","password":"welcome","fname":"raja","lname":"ra","email":"raja@digient.in","mobile":"9488343434","location":"chennai","country":"chennai","city":"chennai","artist_status":"1"}', 'index/add User Already exists with same username', '2016-12-29 10:37:12', '::1', '{"REDIRECT_MIBDIRS":"C:\\/xampp\\/php\\/extras\\/mibs","REDIRECT_MYSQL_HOME":"\\\\xampp\\\\mysql\\\\bin","REDIRECT_OPENSSL_CONF":"C:\\/xampp\\/apache\\/bin\\/openssl.cnf","REDIRECT_PHP_PEAR_SYSCONF_DIR":"\\\\xampp\\\\php","REDIRECT_PHPRC":"\\\\xampp\\\\php","REDIRECT_TMP":"\\\\xampp\\\\tmp","REDIRECT_STATUS":"200","MIBDIRS":"C:\\/xampp\\/php\\/extras\\/mibs","MYSQL_HOME":"\\\\xampp\\\\mysql\\\\bin","OPENSSL_CONF":"C:\\/xampp\\/apache\\/bin\\/openssl.cnf","PHP_PEAR_SYSCONF_DIR":"\\\\xampp\\\\php","PHPRC":"\\\\xampp\\\\php","TMP":"\\\\xampp\\\\tmp","HTTP_HOST":"[::1]","HTTP_USER_AGENT":"Mozilla\\/5.0 (Windows NT 6.1; rv:50.0) Gecko\\/20100101 Firefox\\/50.0","HTTP_ACCEPT":"text\\/html,application\\/xhtml+xml,application\\/xml;q=0.9,*\\/*;q=0.8","HTTP_ACCEPT_LANGUAGE":"en-GB,en;q=0.5","HTTP_ACCEPT_ENCODING":"gzip, deflate","HTTP_REFERER":"http:\\/\\/[::1]\\/music\\/artist\\/index","HTTP_COOKIE":"ci_session=159imavvide3h1mknsfnfa6hh249u072","HTTP_CONNECTION":"keep-alive","HTTP_UPGRADE_INSECURE_REQUESTS":"1","HTTP_CACHE_CONTROL":"max-age=0","CONTENT_TYPE":"multipart\\/form-data; boundary=---------------------------758233115727","CONTENT_LENGTH":"880700","PATH":"C:\\\\ProgramData\\\\Oracle\\\\Java\\\\javapath;C:\\\\Windows\\\\system32;C:\\\\Windows;C:\\\\Windows\\\\System32\\\\Wbem;C:\\\\Windows\\\\System32\\\\WindowsPowerShell\\\\v1.0\\\\;C:\\\\Program Files\\\\Intel\\\\OpenCL SDK\\\\2.0\\\\bin\\\\x86;C:\\\\Program Files\\\\WinSCP3\\\\;C:\\\\Program Files\\\\Java\\\\jdk1.7.0\\\\bin;C:\\\\Program Files\\\\TortoiseSVN\\\\bin;C:\\\\Program Files\\\\apache-maven-3.3.9\\\\bin;C:\\\\Program Files\\\\apache-maven-3.3.9\\\\bin;C:\\\\Python27;C:\\\\Program Files\\\\nodejs\\\\;C:\\\\Program Files\\\\Skype\\\\Phone\\\\;","SystemRoot":"C:\\\\Windows","COMSPEC":"C:\\\\Windows\\\\system32\\\\cmd.exe","PATHEXT":".COM;.EXE;.BAT;.CMD;.VBS;.VBE;.JS;.JSE;.WSF;.WSH;.MSC","WINDIR":"C:\\\\Windows","SERVER_SIGNATURE":"<address>Apache\\/2.4.23 (Win32) OpenSSL\\/1.0.2h PHP\\/5.5.38 Server at ::1 Port 80<\\/address>\\n","SERVER_SOFTWARE":"Apache\\/2.4.23 (Win32) OpenSSL\\/1.0.2h PHP\\/5.5.38","SERVER_NAME":"[::1]","SERVER_ADDR":"::1","SERVER_PORT":"80","REMOTE_ADDR":"::1","DOCUMENT_ROOT":"C:\\/xampp\\/htdocs","REQUEST_SCHEME":"http","CONTEXT_PREFIX":"","CONTEXT_DOCUMENT_ROOT":"C:\\/xampp\\/htdocs","SERVER_ADMIN":"postmaster@localhost","SCRIPT_FILENAME":"C:\\/xampp\\/htdocs\\/music\\/index.php","REMOTE_PORT":"61580","REDIRECT_URL":"\\/music\\/artist\\/index\\/add","GATEWAY_INTERFACE":"CGI\\/1.1","SERVER_PROTOCOL":"HTTP\\/1.1","REQUEST_METHOD":"POST","QUERY_STRING":"","REQUEST_URI":"\\/music\\/artist\\/index\\/add","SCRIPT_NAME":"\\/music\\/index.php","PATH_INFO":"\\/artist\\/index\\/add","PATH_TRANSLATED":"C:\\\\xampp\\\\htdocs\\\\artist\\\\index\\\\add","PHP_SELF":"\\/music\\/index.php\\/artist\\/index\\/add","REQUEST_TIME_FLOAT":1483004232.126,"REQUEST_TIME":1483004232}', '', 0, '2016-12-29 09:37:12', ''),
(7, 'Insert', '{"artistType":"5","username":"ram","password":"welcome","fname":"ram","lname":"ra","email":"ram@digient.in","mobile":"93429435435","location":"chennai","country":"chennai","city":"chennai","artist_status":"1"}', 'index/add Registration Success', '2016-12-29 10:40:33', '::1', '{"REDIRECT_MIBDIRS":"C:\\/xampp\\/php\\/extras\\/mibs","REDIRECT_MYSQL_HOME":"\\\\xampp\\\\mysql\\\\bin","REDIRECT_OPENSSL_CONF":"C:\\/xampp\\/apache\\/bin\\/openssl.cnf","REDIRECT_PHP_PEAR_SYSCONF_DIR":"\\\\xampp\\\\php","REDIRECT_PHPRC":"\\\\xampp\\\\php","REDIRECT_TMP":"\\\\xampp\\\\tmp","REDIRECT_STATUS":"200","MIBDIRS":"C:\\/xampp\\/php\\/extras\\/mibs","MYSQL_HOME":"\\\\xampp\\\\mysql\\\\bin","OPENSSL_CONF":"C:\\/xampp\\/apache\\/bin\\/openssl.cnf","PHP_PEAR_SYSCONF_DIR":"\\\\xampp\\\\php","PHPRC":"\\\\xampp\\\\php","TMP":"\\\\xampp\\\\tmp","HTTP_HOST":"[::1]","HTTP_USER_AGENT":"Mozilla\\/5.0 (Windows NT 6.1; rv:50.0) Gecko\\/20100101 Firefox\\/50.0","HTTP_ACCEPT":"text\\/html,application\\/xhtml+xml,application\\/xml;q=0.9,*\\/*;q=0.8","HTTP_ACCEPT_LANGUAGE":"en-GB,en;q=0.5","HTTP_ACCEPT_ENCODING":"gzip, deflate","HTTP_REFERER":"http:\\/\\/[::1]\\/music\\/artist\\/index","HTTP_COOKIE":"ci_session=159imavvide3h1mknsfnfa6hh249u072","HTTP_CONNECTION":"keep-alive","HTTP_UPGRADE_INSECURE_REQUESTS":"1","CONTENT_TYPE":"multipart\\/form-data; boundary=---------------------------1423035816919","CONTENT_LENGTH":"782140","PATH":"C:\\\\ProgramData\\\\Oracle\\\\Java\\\\javapath;C:\\\\Windows\\\\system32;C:\\\\Windows;C:\\\\Windows\\\\System32\\\\Wbem;C:\\\\Windows\\\\System32\\\\WindowsPowerShell\\\\v1.0\\\\;C:\\\\Program Files\\\\Intel\\\\OpenCL SDK\\\\2.0\\\\bin\\\\x86;C:\\\\Program Files\\\\WinSCP3\\\\;C:\\\\Program Files\\\\Java\\\\jdk1.7.0\\\\bin;C:\\\\Program Files\\\\TortoiseSVN\\\\bin;C:\\\\Program Files\\\\apache-maven-3.3.9\\\\bin;C:\\\\Program Files\\\\apache-maven-3.3.9\\\\bin;C:\\\\Python27;C:\\\\Program Files\\\\nodejs\\\\;C:\\\\Program Files\\\\Skype\\\\Phone\\\\;","SystemRoot":"C:\\\\Windows","COMSPEC":"C:\\\\Windows\\\\system32\\\\cmd.exe","PATHEXT":".COM;.EXE;.BAT;.CMD;.VBS;.VBE;.JS;.JSE;.WSF;.WSH;.MSC","WINDIR":"C:\\\\Windows","SERVER_SIGNATURE":"<address>Apache\\/2.4.23 (Win32) OpenSSL\\/1.0.2h PHP\\/5.5.38 Server at ::1 Port 80<\\/address>\\n","SERVER_SOFTWARE":"Apache\\/2.4.23 (Win32) OpenSSL\\/1.0.2h PHP\\/5.5.38","SERVER_NAME":"[::1]","SERVER_ADDR":"::1","SERVER_PORT":"80","REMOTE_ADDR":"::1","DOCUMENT_ROOT":"C:\\/xampp\\/htdocs","REQUEST_SCHEME":"http","CONTEXT_PREFIX":"","CONTEXT_DOCUMENT_ROOT":"C:\\/xampp\\/htdocs","SERVER_ADMIN":"postmaster@localhost","SCRIPT_FILENAME":"C:\\/xampp\\/htdocs\\/music\\/index.php","REMOTE_PORT":"61634","REDIRECT_URL":"\\/music\\/artist\\/index\\/add","GATEWAY_INTERFACE":"CGI\\/1.1","SERVER_PROTOCOL":"HTTP\\/1.1","REQUEST_METHOD":"POST","QUERY_STRING":"","REQUEST_URI":"\\/music\\/artist\\/index\\/add","SCRIPT_NAME":"\\/music\\/index.php","PATH_INFO":"\\/artist\\/index\\/add","PATH_TRANSLATED":"C:\\\\xampp\\\\htdocs\\\\artist\\\\index\\\\add","PHP_SELF":"\\/music\\/index.php\\/artist\\/index\\/add","REQUEST_TIME_FLOAT":1483004432.879,"REQUEST_TIME":1483004432}', '', 1, '2016-12-29 09:40:33', ''),
(8, 'Insert', '{"artistType":"5","old_artistType":"5","username":"ram ji","old_username":"ram","password":"","old_password":"40be4e59b9a2a2b5dffb918c0e86b3d7","fname":"ram","old_fname":"ram","lname":"ra","old_lname":"ra","email":"ram@digient.in","old_email":"ram@digient.in","mobile":"2147483647","old_mobile":"2147483647","old_image":"Artist_1483004432.jpg","location":"chennai","old_location":"chennai","country":"chennai","old_country":"chennai","city":"chennai","old_city":"chennai","artist_status":"1","old_status":"1"}', 'index/edit Update Success', '2016-12-29 10:43:56', '::1', '{"REDIRECT_MIBDIRS":"C:\\/xampp\\/php\\/extras\\/mibs","REDIRECT_MYSQL_HOME":"\\\\xampp\\\\mysql\\\\bin","REDIRECT_OPENSSL_CONF":"C:\\/xampp\\/apache\\/bin\\/openssl.cnf","REDIRECT_PHP_PEAR_SYSCONF_DIR":"\\\\xampp\\\\php","REDIRECT_PHPRC":"\\\\xampp\\\\php","REDIRECT_TMP":"\\\\xampp\\\\tmp","REDIRECT_STATUS":"200","MIBDIRS":"C:\\/xampp\\/php\\/extras\\/mibs","MYSQL_HOME":"\\\\xampp\\\\mysql\\\\bin","OPENSSL_CONF":"C:\\/xampp\\/apache\\/bin\\/openssl.cnf","PHP_PEAR_SYSCONF_DIR":"\\\\xampp\\\\php","PHPRC":"\\\\xampp\\\\php","TMP":"\\\\xampp\\\\tmp","HTTP_HOST":"[::1]","HTTP_USER_AGENT":"Mozilla\\/5.0 (Windows NT 6.1; rv:50.0) Gecko\\/20100101 Firefox\\/50.0","HTTP_ACCEPT":"text\\/html,application\\/xhtml+xml,application\\/xml;q=0.9,*\\/*;q=0.8","HTTP_ACCEPT_LANGUAGE":"en-GB,en;q=0.5","HTTP_ACCEPT_ENCODING":"gzip, deflate","HTTP_REFERER":"http:\\/\\/[::1]\\/music\\/artist\\/index\\/edit_artist\\/5","HTTP_COOKIE":"ci_session=drlao2v8su9823qekobsjjl2c6vevuns","HTTP_CONNECTION":"keep-alive","HTTP_UPGRADE_INSECURE_REQUESTS":"1","CONTENT_TYPE":"multipart\\/form-data; boundary=---------------------------43062884312723","CONTENT_LENGTH":"2635","PATH":"C:\\\\ProgramData\\\\Oracle\\\\Java\\\\javapath;C:\\\\Windows\\\\system32;C:\\\\Windows;C:\\\\Windows\\\\System32\\\\Wbem;C:\\\\Windows\\\\System32\\\\WindowsPowerShell\\\\v1.0\\\\;C:\\\\Program Files\\\\Intel\\\\OpenCL SDK\\\\2.0\\\\bin\\\\x86;C:\\\\Program Files\\\\WinSCP3\\\\;C:\\\\Program Files\\\\Java\\\\jdk1.7.0\\\\bin;C:\\\\Program Files\\\\TortoiseSVN\\\\bin;C:\\\\Program Files\\\\apache-maven-3.3.9\\\\bin;C:\\\\Program Files\\\\apache-maven-3.3.9\\\\bin;C:\\\\Python27;C:\\\\Program Files\\\\nodejs\\\\;C:\\\\Program Files\\\\Skype\\\\Phone\\\\;","SystemRoot":"C:\\\\Windows","COMSPEC":"C:\\\\Windows\\\\system32\\\\cmd.exe","PATHEXT":".COM;.EXE;.BAT;.CMD;.VBS;.VBE;.JS;.JSE;.WSF;.WSH;.MSC","WINDIR":"C:\\\\Windows","SERVER_SIGNATURE":"<address>Apache\\/2.4.23 (Win32) OpenSSL\\/1.0.2h PHP\\/5.5.38 Server at ::1 Port 80<\\/address>\\n","SERVER_SOFTWARE":"Apache\\/2.4.23 (Win32) OpenSSL\\/1.0.2h PHP\\/5.5.38","SERVER_NAME":"[::1]","SERVER_ADDR":"::1","SERVER_PORT":"80","REMOTE_ADDR":"::1","DOCUMENT_ROOT":"C:\\/xampp\\/htdocs","REQUEST_SCHEME":"http","CONTEXT_PREFIX":"","CONTEXT_DOCUMENT_ROOT":"C:\\/xampp\\/htdocs","SERVER_ADMIN":"postmaster@localhost","SCRIPT_FILENAME":"C:\\/xampp\\/htdocs\\/music\\/index.php","REMOTE_PORT":"61725","REDIRECT_URL":"\\/music\\/artist\\/index\\/edit\\/5","GATEWAY_INTERFACE":"CGI\\/1.1","SERVER_PROTOCOL":"HTTP\\/1.1","REQUEST_METHOD":"POST","QUERY_STRING":"","REQUEST_URI":"\\/music\\/artist\\/index\\/edit\\/5","SCRIPT_NAME":"\\/music\\/index.php","PATH_INFO":"\\/artist\\/index\\/edit\\/5","PATH_TRANSLATED":"C:\\\\xampp\\\\htdocs\\\\artist\\\\index\\\\edit\\\\5","PHP_SELF":"\\/music\\/index.php\\/artist\\/index\\/edit\\/5","REQUEST_TIME_FLOAT":1483004636.854,"REQUEST_TIME":1483004636}', '', 1, '2016-12-29 09:43:56', ''),
(9, 'Insert', '{"album_name":"new","artistId":"1","genresType":"1","moodType":"1","location":"chennai","country":"chennai","city":"chennai","album_status":"1","podcast":"on","podcastType":"1"}', 'index/add message=>Registration Success', '2016-12-29 10:48:25', '::1', '{"REDIRECT_MIBDIRS":"C:\\/xampp\\/php\\/extras\\/mibs","REDIRECT_MYSQL_HOME":"\\\\xampp\\\\mysql\\\\bin","REDIRECT_OPENSSL_CONF":"C:\\/xampp\\/apache\\/bin\\/openssl.cnf","REDIRECT_PHP_PEAR_SYSCONF_DIR":"\\\\xampp\\\\php","REDIRECT_PHPRC":"\\\\xampp\\\\php","REDIRECT_TMP":"\\\\xampp\\\\tmp","REDIRECT_STATUS":"200","MIBDIRS":"C:\\/xampp\\/php\\/extras\\/mibs","MYSQL_HOME":"\\\\xampp\\\\mysql\\\\bin","OPENSSL_CONF":"C:\\/xampp\\/apache\\/bin\\/openssl.cnf","PHP_PEAR_SYSCONF_DIR":"\\\\xampp\\\\php","PHPRC":"\\\\xampp\\\\php","TMP":"\\\\xampp\\\\tmp","HTTP_HOST":"[::1]","HTTP_USER_AGENT":"Mozilla\\/5.0 (Windows NT 6.1; rv:50.0) Gecko\\/20100101 Firefox\\/50.0","HTTP_ACCEPT":"text\\/html,application\\/xhtml+xml,application\\/xml;q=0.9,*\\/*;q=0.8","HTTP_ACCEPT_LANGUAGE":"en-GB,en;q=0.5","HTTP_ACCEPT_ENCODING":"gzip, deflate","HTTP_REFERER":"http:\\/\\/[::1]\\/music\\/album\\/index","HTTP_COOKIE":"ci_session=rptmrnuhcn8k1erlbl73hi0ojusbjib1","HTTP_CONNECTION":"keep-alive","HTTP_UPGRADE_INSECURE_REQUESTS":"1","CONTENT_TYPE":"multipart\\/form-data; boundary=---------------------------16080436412052","CONTENT_LENGTH":"847147","PATH":"C:\\\\ProgramData\\\\Oracle\\\\Java\\\\javapath;C:\\\\Windows\\\\system32;C:\\\\Windows;C:\\\\Windows\\\\System32\\\\Wbem;C:\\\\Windows\\\\System32\\\\WindowsPowerShell\\\\v1.0\\\\;C:\\\\Program Files\\\\Intel\\\\OpenCL SDK\\\\2.0\\\\bin\\\\x86;C:\\\\Program Files\\\\WinSCP3\\\\;C:\\\\Program Files\\\\Java\\\\jdk1.7.0\\\\bin;C:\\\\Program Files\\\\TortoiseSVN\\\\bin;C:\\\\Program Files\\\\apache-maven-3.3.9\\\\bin;C:\\\\Program Files\\\\apache-maven-3.3.9\\\\bin;C:\\\\Python27;C:\\\\Program Files\\\\nodejs\\\\;C:\\\\Program Files\\\\Skype\\\\Phone\\\\;","SystemRoot":"C:\\\\Windows","COMSPEC":"C:\\\\Windows\\\\system32\\\\cmd.exe","PATHEXT":".COM;.EXE;.BAT;.CMD;.VBS;.VBE;.JS;.JSE;.WSF;.WSH;.MSC","WINDIR":"C:\\\\Windows","SERVER_SIGNATURE":"<address>Apache\\/2.4.23 (Win32) OpenSSL\\/1.0.2h PHP\\/5.5.38 Server at ::1 Port 80<\\/address>\\n","SERVER_SOFTWARE":"Apache\\/2.4.23 (Win32) OpenSSL\\/1.0.2h PHP\\/5.5.38","SERVER_NAME":"[::1]","SERVER_ADDR":"::1","SERVER_PORT":"80","REMOTE_ADDR":"::1","DOCUMENT_ROOT":"C:\\/xampp\\/htdocs","REQUEST_SCHEME":"http","CONTEXT_PREFIX":"","CONTEXT_DOCUMENT_ROOT":"C:\\/xampp\\/htdocs","SERVER_ADMIN":"postmaster@localhost","SCRIPT_FILENAME":"C:\\/xampp\\/htdocs\\/music\\/index.php","REMOTE_PORT":"61772","REDIRECT_URL":"\\/music\\/album\\/index\\/add","GATEWAY_INTERFACE":"CGI\\/1.1","SERVER_PROTOCOL":"HTTP\\/1.1","REQUEST_METHOD":"POST","QUERY_STRING":"","REQUEST_URI":"\\/music\\/album\\/index\\/add","SCRIPT_NAME":"\\/music\\/index.php","PATH_INFO":"\\/album\\/index\\/add","PATH_TRANSLATED":"C:\\\\xampp\\\\htdocs\\\\album\\\\index\\\\add","PHP_SELF":"\\/music\\/index.php\\/album\\/index\\/add","REQUEST_TIME_FLOAT":1483004904.924,"REQUEST_TIME":1483004904}', '', 1, '2016-12-29 09:48:25', ''),
(10, 'Update', '{"album_name":"new","old_name":"new","old_logo":"Album_1483004904.jpg","artistId":"5","old_artistId":"1","genresType":"1","old_genresType":"1","moodType":"1","old_moodType":"1","location":"chennai","old_location":"chennai","country":"chennai","old_country":"chennai","city":"chennai","old_city":"chennai","album_status":"1","old_status":"1","podcast":"on","podcastType":"1"}', 'index/editmessage => Update Success', '2016-12-29 10:49:31', '::1', '{"REDIRECT_MIBDIRS":"C:\\/xampp\\/php\\/extras\\/mibs","REDIRECT_MYSQL_HOME":"\\\\xampp\\\\mysql\\\\bin","REDIRECT_OPENSSL_CONF":"C:\\/xampp\\/apache\\/bin\\/openssl.cnf","REDIRECT_PHP_PEAR_SYSCONF_DIR":"\\\\xampp\\\\php","REDIRECT_PHPRC":"\\\\xampp\\\\php","REDIRECT_TMP":"\\\\xampp\\\\tmp","REDIRECT_STATUS":"200","MIBDIRS":"C:\\/xampp\\/php\\/extras\\/mibs","MYSQL_HOME":"\\\\xampp\\\\mysql\\\\bin","OPENSSL_CONF":"C:\\/xampp\\/apache\\/bin\\/openssl.cnf","PHP_PEAR_SYSCONF_DIR":"\\\\xampp\\\\php","PHPRC":"\\\\xampp\\\\php","TMP":"\\\\xampp\\\\tmp","HTTP_HOST":"[::1]","HTTP_USER_AGENT":"Mozilla\\/5.0 (Windows NT 6.1; rv:50.0) Gecko\\/20100101 Firefox\\/50.0","HTTP_ACCEPT":"text\\/html,application\\/xhtml+xml,application\\/xml;q=0.9,*\\/*;q=0.8","HTTP_ACCEPT_LANGUAGE":"en-GB,en;q=0.5","HTTP_ACCEPT_ENCODING":"gzip, deflate","HTTP_REFERER":"http:\\/\\/[::1]\\/music\\/album\\/index\\/edit_album\\/6","HTTP_COOKIE":"ci_session=rptmrnuhcn8k1erlbl73hi0ojusbjib1","HTTP_CONNECTION":"keep-alive","HTTP_UPGRADE_INSECURE_REQUESTS":"1","CONTENT_TYPE":"multipart\\/form-data; boundary=---------------------------211143193122987","CONTENT_LENGTH":"2184","PATH":"C:\\\\ProgramData\\\\Oracle\\\\Java\\\\javapath;C:\\\\Windows\\\\system32;C:\\\\Windows;C:\\\\Windows\\\\System32\\\\Wbem;C:\\\\Windows\\\\System32\\\\WindowsPowerShell\\\\v1.0\\\\;C:\\\\Program Files\\\\Intel\\\\OpenCL SDK\\\\2.0\\\\bin\\\\x86;C:\\\\Program Files\\\\WinSCP3\\\\;C:\\\\Program Files\\\\Java\\\\jdk1.7.0\\\\bin;C:\\\\Program Files\\\\TortoiseSVN\\\\bin;C:\\\\Program Files\\\\apache-maven-3.3.9\\\\bin;C:\\\\Program Files\\\\apache-maven-3.3.9\\\\bin;C:\\\\Python27;C:\\\\Program Files\\\\nodejs\\\\;C:\\\\Program Files\\\\Skype\\\\Phone\\\\;","SystemRoot":"C:\\\\Windows","COMSPEC":"C:\\\\Windows\\\\system32\\\\cmd.exe","PATHEXT":".COM;.EXE;.BAT;.CMD;.VBS;.VBE;.JS;.JSE;.WSF;.WSH;.MSC","WINDIR":"C:\\\\Windows","SERVER_SIGNATURE":"<address>Apache\\/2.4.23 (Win32) OpenSSL\\/1.0.2h PHP\\/5.5.38 Server at ::1 Port 80<\\/address>\\n","SERVER_SOFTWARE":"Apache\\/2.4.23 (Win32) OpenSSL\\/1.0.2h PHP\\/5.5.38","SERVER_NAME":"[::1]","SERVER_ADDR":"::1","SERVER_PORT":"80","REMOTE_ADDR":"::1","DOCUMENT_ROOT":"C:\\/xampp\\/htdocs","REQUEST_SCHEME":"http","CONTEXT_PREFIX":"","CONTEXT_DOCUMENT_ROOT":"C:\\/xampp\\/htdocs","SERVER_ADMIN":"postmaster@localhost","SCRIPT_FILENAME":"C:\\/xampp\\/htdocs\\/music\\/index.php","REMOTE_PORT":"61792","REDIRECT_URL":"\\/music\\/album\\/index\\/edit\\/6","GATEWAY_INTERFACE":"CGI\\/1.1","SERVER_PROTOCOL":"HTTP\\/1.1","REQUEST_METHOD":"POST","QUERY_STRING":"","REQUEST_URI":"\\/music\\/album\\/index\\/edit\\/6","SCRIPT_NAME":"\\/music\\/index.php","PATH_INFO":"\\/album\\/index\\/edit\\/6","PATH_TRANSLATED":"C:\\\\xampp\\\\htdocs\\\\album\\\\index\\\\edit\\\\6","PHP_SELF":"\\/music\\/index.php\\/album\\/index\\/edit\\/6","REQUEST_TIME_FLOAT":1483004971.004,"REQUEST_TIME":1483004971}', '', 1, '2016-12-29 09:49:31', ''),
(11, 'Insert', '{"song_name":"you you","albumId":"6","genresType":"1","moodType":"2","song_amt":"100","percentage":"10","location":"chennai","country":"chennai","city":"chennai","song_status":"1","podcast":"on","podcastType":"2","artistType":{"1":"1","2":"2","3":"3","4":"4","5":"5"},"artistList":{"1":"2","2":"1","3":"3","4":"4","5":"5"},"percenteage":{"1":"10","2":"10","3":"40","4":"54","5":"6"}}', 'index/add Registration Success', '2016-12-29 10:50:51', '::1', '{"REDIRECT_MIBDIRS":"C:\\/xampp\\/php\\/extras\\/mibs","REDIRECT_MYSQL_HOME":"\\\\xampp\\\\mysql\\\\bin","REDIRECT_OPENSSL_CONF":"C:\\/xampp\\/apache\\/bin\\/openssl.cnf","REDIRECT_PHP_PEAR_SYSCONF_DIR":"\\\\xampp\\\\php","REDIRECT_PHPRC":"\\\\xampp\\\\php","REDIRECT_TMP":"\\\\xampp\\\\tmp","REDIRECT_STATUS":"200","MIBDIRS":"C:\\/xampp\\/php\\/extras\\/mibs","MYSQL_HOME":"\\\\xampp\\\\mysql\\\\bin","OPENSSL_CONF":"C:\\/xampp\\/apache\\/bin\\/openssl.cnf","PHP_PEAR_SYSCONF_DIR":"\\\\xampp\\\\php","PHPRC":"\\\\xampp\\\\php","TMP":"\\\\xampp\\\\tmp","HTTP_HOST":"[::1]","HTTP_USER_AGENT":"Mozilla\\/5.0 (Windows NT 6.1; rv:50.0) Gecko\\/20100101 Firefox\\/50.0","HTTP_ACCEPT":"text\\/html,application\\/xhtml+xml,application\\/xml;q=0.9,*\\/*;q=0.8","HTTP_ACCEPT_LANGUAGE":"en-GB,en;q=0.5","HTTP_ACCEPT_ENCODING":"gzip, deflate","HTTP_REFERER":"http:\\/\\/[::1]\\/music\\/song\\/index","HTTP_COOKIE":"ci_session=rptmrnuhcn8k1erlbl73hi0ojusbjib1","HTTP_CONNECTION":"keep-alive","HTTP_UPGRADE_INSECURE_REQUESTS":"1","CONTENT_TYPE":"multipart\\/form-data; boundary=---------------------------9107153614171","CONTENT_LENGTH":"780787","PATH":"C:\\\\ProgramData\\\\Oracle\\\\Java\\\\javapath;C:\\\\Windows\\\\system32;C:\\\\Windows;C:\\\\Windows\\\\System32\\\\Wbem;C:\\\\Windows\\\\System32\\\\WindowsPowerShell\\\\v1.0\\\\;C:\\\\Program Files\\\\Intel\\\\OpenCL SDK\\\\2.0\\\\bin\\\\x86;C:\\\\Program Files\\\\WinSCP3\\\\;C:\\\\Program Files\\\\Java\\\\jdk1.7.0\\\\bin;C:\\\\Program Files\\\\TortoiseSVN\\\\bin;C:\\\\Program Files\\\\apache-maven-3.3.9\\\\bin;C:\\\\Program Files\\\\apache-maven-3.3.9\\\\bin;C:\\\\Python27;C:\\\\Program Files\\\\nodejs\\\\;C:\\\\Program Files\\\\Skype\\\\Phone\\\\;","SystemRoot":"C:\\\\Windows","COMSPEC":"C:\\\\Windows\\\\system32\\\\cmd.exe","PATHEXT":".COM;.EXE;.BAT;.CMD;.VBS;.VBE;.JS;.JSE;.WSF;.WSH;.MSC","WINDIR":"C:\\\\Windows","SERVER_SIGNATURE":"<address>Apache\\/2.4.23 (Win32) OpenSSL\\/1.0.2h PHP\\/5.5.38 Server at ::1 Port 80<\\/address>\\n","SERVER_SOFTWARE":"Apache\\/2.4.23 (Win32) OpenSSL\\/1.0.2h PHP\\/5.5.38","SERVER_NAME":"[::1]","SERVER_ADDR":"::1","SERVER_PORT":"80","REMOTE_ADDR":"::1","DOCUMENT_ROOT":"C:\\/xampp\\/htdocs","REQUEST_SCHEME":"http","CONTEXT_PREFIX":"","CONTEXT_DOCUMENT_ROOT":"C:\\/xampp\\/htdocs","SERVER_ADMIN":"postmaster@localhost","SCRIPT_FILENAME":"C:\\/xampp\\/htdocs\\/music\\/index.php","REMOTE_PORT":"61822","REDIRECT_URL":"\\/music\\/song\\/index\\/add","GATEWAY_INTERFACE":"CGI\\/1.1","SERVER_PROTOCOL":"HTTP\\/1.1","REQUEST_METHOD":"POST","QUERY_STRING":"","REQUEST_URI":"\\/music\\/song\\/index\\/add","SCRIPT_NAME":"\\/music\\/index.php","PATH_INFO":"\\/song\\/index\\/add","PATH_TRANSLATED":"C:\\\\xampp\\\\htdocs\\\\song\\\\index\\\\add","PHP_SELF":"\\/music\\/index.php\\/song\\/index\\/add","REQUEST_TIME_FLOAT":1483005051.608,"REQUEST_TIME":1483005051}', '', 1, '2016-12-29 09:50:51', ''),
(12, 'Update', '{"song_name":"you you","old_name":"you you","old_logo":"Song_1483005051.jpg","albumId":"6","old_albumId":"6","genresType":"1","old_genresType":"1","moodType":"2","old_moodType":"2","song_amt":"200.00","old_amt":"100.00","percentage":"10.00","old_percentage":"10.00","location":"chennai","old_location":"chennai","country":"chennai","old_country":"chennai","city":"chennai","old_city":"chennai","song_status":"1","old_status":"1","podcast":"on","podcastType":"2","artistType":{"1":"1","2":"2","3":"3","4":"4","5":"5"},"artistList":{"1":"2","2":"1","3":"3","4":"4","5":"5"},"percenteage":{"1":"10.00","2":"10.00","3":"40.00","4":"54.00","5":"6.00"}}', 'index/edit Update Success', '2016-12-29 10:51:16', '::1', '{"REDIRECT_MIBDIRS":"C:\\/xampp\\/php\\/extras\\/mibs","REDIRECT_MYSQL_HOME":"\\\\xampp\\\\mysql\\\\bin","REDIRECT_OPENSSL_CONF":"C:\\/xampp\\/apache\\/bin\\/openssl.cnf","REDIRECT_PHP_PEAR_SYSCONF_DIR":"\\\\xampp\\\\php","REDIRECT_PHPRC":"\\\\xampp\\\\php","REDIRECT_TMP":"\\\\xampp\\\\tmp","REDIRECT_STATUS":"200","MIBDIRS":"C:\\/xampp\\/php\\/extras\\/mibs","MYSQL_HOME":"\\\\xampp\\\\mysql\\\\bin","OPENSSL_CONF":"C:\\/xampp\\/apache\\/bin\\/openssl.cnf","PHP_PEAR_SYSCONF_DIR":"\\\\xampp\\\\php","PHPRC":"\\\\xampp\\\\php","TMP":"\\\\xampp\\\\tmp","HTTP_HOST":"[::1]","HTTP_USER_AGENT":"Mozilla\\/5.0 (Windows NT 6.1; rv:50.0) Gecko\\/20100101 Firefox\\/50.0","HTTP_ACCEPT":"text\\/html,application\\/xhtml+xml,application\\/xml;q=0.9,*\\/*;q=0.8","HTTP_ACCEPT_LANGUAGE":"en-GB,en;q=0.5","HTTP_ACCEPT_ENCODING":"gzip, deflate","HTTP_REFERER":"http:\\/\\/[::1]\\/music\\/song\\/index\\/edit_songs\\/9","HTTP_COOKIE":"ci_session=rptmrnuhcn8k1erlbl73hi0ojusbjib1","HTTP_CONNECTION":"keep-alive","HTTP_UPGRADE_INSECURE_REQUESTS":"1","CONTENT_TYPE":"multipart\\/form-data; boundary=---------------------------4503394210786","CONTENT_LENGTH":"4131","PATH":"C:\\\\ProgramData\\\\Oracle\\\\Java\\\\javapath;C:\\\\Windows\\\\system32;C:\\\\Windows;C:\\\\Windows\\\\System32\\\\Wbem;C:\\\\Windows\\\\System32\\\\WindowsPowerShell\\\\v1.0\\\\;C:\\\\Program Files\\\\Intel\\\\OpenCL SDK\\\\2.0\\\\bin\\\\x86;C:\\\\Program Files\\\\WinSCP3\\\\;C:\\\\Program Files\\\\Java\\\\jdk1.7.0\\\\bin;C:\\\\Program Files\\\\TortoiseSVN\\\\bin;C:\\\\Program Files\\\\apache-maven-3.3.9\\\\bin;C:\\\\Program Files\\\\apache-maven-3.3.9\\\\bin;C:\\\\Python27;C:\\\\Program Files\\\\nodejs\\\\;C:\\\\Program Files\\\\Skype\\\\Phone\\\\;","SystemRoot":"C:\\\\Windows","COMSPEC":"C:\\\\Windows\\\\system32\\\\cmd.exe","PATHEXT":".COM;.EXE;.BAT;.CMD;.VBS;.VBE;.JS;.JSE;.WSF;.WSH;.MSC","WINDIR":"C:\\\\Windows","SERVER_SIGNATURE":"<address>Apache\\/2.4.23 (Win32) OpenSSL\\/1.0.2h PHP\\/5.5.38 Server at ::1 Port 80<\\/address>\\n","SERVER_SOFTWARE":"Apache\\/2.4.23 (Win32) OpenSSL\\/1.0.2h PHP\\/5.5.38","SERVER_NAME":"[::1]","SERVER_ADDR":"::1","SERVER_PORT":"80","REMOTE_ADDR":"::1","DOCUMENT_ROOT":"C:\\/xampp\\/htdocs","REQUEST_SCHEME":"http","CONTEXT_PREFIX":"","CONTEXT_DOCUMENT_ROOT":"C:\\/xampp\\/htdocs","SERVER_ADMIN":"postmaster@localhost","SCRIPT_FILENAME":"C:\\/xampp\\/htdocs\\/music\\/index.php","REMOTE_PORT":"61840","REDIRECT_URL":"\\/music\\/song\\/index\\/edit\\/9","GATEWAY_INTERFACE":"CGI\\/1.1","SERVER_PROTOCOL":"HTTP\\/1.1","REQUEST_METHOD":"POST","QUERY_STRING":"","REQUEST_URI":"\\/music\\/song\\/index\\/edit\\/9","SCRIPT_NAME":"\\/music\\/index.php","PATH_INFO":"\\/song\\/index\\/edit\\/9","PATH_TRANSLATED":"C:\\\\xampp\\\\htdocs\\\\song\\\\index\\\\edit\\\\9","PHP_SELF":"\\/music\\/index.php\\/song\\/index\\/edit\\/9","REQUEST_TIME_FLOAT":1483005075.832,"REQUEST_TIME":1483005075}', '', 0, '2016-12-29 09:51:16', ''),
(13, 'Update', '{"song_name":"you you","old_name":"you you","old_logo":"Song_1483005051.jpg","albumId":"6","old_albumId":"6","genresType":"1","old_genresType":"1","moodType":"2","old_moodType":"2","song_amt":"200.00","old_amt":"200.00","percentage":"10.00","old_percentage":"10.00","location":"chennai","old_location":"chennai","country":"chennai","old_country":"chennai","city":"chennai","old_city":"chennai","song_status":"1","old_status":"1","podcast":"on","podcastType":"2","artistType":{"1":"1","2":"2","3":"3","4":"4","5":"5"},"artistList":{"1":"2","2":"1","3":"3","4":"4","5":"5"},"percenteage":{"1":"10.00","2":"10.00","3":"40.00","4":"50","5":"6.00"}}', 'index/edit Update Success', '2016-12-29 10:54:37', '::1', '{"REDIRECT_MIBDIRS":"C:\\/xampp\\/php\\/extras\\/mibs","REDIRECT_MYSQL_HOME":"\\\\xampp\\\\mysql\\\\bin","REDIRECT_OPENSSL_CONF":"C:\\/xampp\\/apache\\/bin\\/openssl.cnf","REDIRECT_PHP_PEAR_SYSCONF_DIR":"\\\\xampp\\\\php","REDIRECT_PHPRC":"\\\\xampp\\\\php","REDIRECT_TMP":"\\\\xampp\\\\tmp","REDIRECT_STATUS":"200","MIBDIRS":"C:\\/xampp\\/php\\/extras\\/mibs","MYSQL_HOME":"\\\\xampp\\\\mysql\\\\bin","OPENSSL_CONF":"C:\\/xampp\\/apache\\/bin\\/openssl.cnf","PHP_PEAR_SYSCONF_DIR":"\\\\xampp\\\\php","PHPRC":"\\\\xampp\\\\php","TMP":"\\\\xampp\\\\tmp","HTTP_HOST":"[::1]","HTTP_USER_AGENT":"Mozilla\\/5.0 (Windows NT 6.1; rv:50.0) Gecko\\/20100101 Firefox\\/50.0","HTTP_ACCEPT":"text\\/html,application\\/xhtml+xml,application\\/xml;q=0.9,*\\/*;q=0.8","HTTP_ACCEPT_LANGUAGE":"en-GB,en;q=0.5","HTTP_ACCEPT_ENCODING":"gzip, deflate","HTTP_REFERER":"http:\\/\\/[::1]\\/music\\/song\\/index\\/edit_songs\\/9","HTTP_COOKIE":"ci_session=rptmrnuhcn8k1erlbl73hi0ojusbjib1","HTTP_CONNECTION":"keep-alive","HTTP_UPGRADE_INSECURE_REQUESTS":"1","CONTENT_TYPE":"multipart\\/form-data; boundary=---------------------------12389854828033","CONTENT_LENGTH":"4168","PATH":"C:\\\\ProgramData\\\\Oracle\\\\Java\\\\javapath;C:\\\\Windows\\\\system32;C:\\\\Windows;C:\\\\Windows\\\\System32\\\\Wbem;C:\\\\Windows\\\\System32\\\\WindowsPowerShell\\\\v1.0\\\\;C:\\\\Program Files\\\\Intel\\\\OpenCL SDK\\\\2.0\\\\bin\\\\x86;C:\\\\Program Files\\\\WinSCP3\\\\;C:\\\\Program Files\\\\Java\\\\jdk1.7.0\\\\bin;C:\\\\Program Files\\\\TortoiseSVN\\\\bin;C:\\\\Program Files\\\\apache-maven-3.3.9\\\\bin;C:\\\\Program Files\\\\apache-maven-3.3.9\\\\bin;C:\\\\Python27;C:\\\\Program Files\\\\nodejs\\\\;C:\\\\Program Files\\\\Skype\\\\Phone\\\\;","SystemRoot":"C:\\\\Windows","COMSPEC":"C:\\\\Windows\\\\system32\\\\cmd.exe","PATHEXT":".COM;.EXE;.BAT;.CMD;.VBS;.VBE;.JS;.JSE;.WSF;.WSH;.MSC","WINDIR":"C:\\\\Windows","SERVER_SIGNATURE":"<address>Apache\\/2.4.23 (Win32) OpenSSL\\/1.0.2h PHP\\/5.5.38 Server at ::1 Port 80<\\/address>\\n","SERVER_SOFTWARE":"Apache\\/2.4.23 (Win32) OpenSSL\\/1.0.2h PHP\\/5.5.38","SERVER_NAME":"[::1]","SERVER_ADDR":"::1","SERVER_PORT":"80","REMOTE_ADDR":"::1","DOCUMENT_ROOT":"C:\\/xampp\\/htdocs","REQUEST_SCHEME":"http","CONTEXT_PREFIX":"","CONTEXT_DOCUMENT_ROOT":"C:\\/xampp\\/htdocs","SERVER_ADMIN":"postmaster@localhost","SCRIPT_FILENAME":"C:\\/xampp\\/htdocs\\/music\\/index.php","REMOTE_PORT":"61889","REDIRECT_URL":"\\/music\\/song\\/index\\/edit\\/9","GATEWAY_INTERFACE":"CGI\\/1.1","SERVER_PROTOCOL":"HTTP\\/1.1","REQUEST_METHOD":"POST","QUERY_STRING":"","REQUEST_URI":"\\/music\\/song\\/index\\/edit\\/9","SCRIPT_NAME":"\\/music\\/index.php","PATH_INFO":"\\/song\\/index\\/edit\\/9","PATH_TRANSLATED":"C:\\\\xampp\\\\htdocs\\\\song\\\\index\\\\edit\\\\9","PHP_SELF":"\\/music\\/index.php\\/song\\/index\\/edit\\/9","REQUEST_TIME_FLOAT":1483005276.929,"REQUEST_TIME":1483005276}', '', 0, '2016-12-29 09:54:37', ''),
(14, 'Update', '{"song_name":"you you","old_name":"you you","old_logo":"Song_1483005051.jpg","albumId":"6","old_albumId":"6","genresType":"1","old_genresType":"1","moodType":"2","old_moodType":"2","song_amt":"200.00","old_amt":"200.00","percentage":"10.00","old_percentage":"10.00","location":"chennai","old_location":"chennai","country":"chennai","old_country":"chennai","city":"chennai","old_city":"chennai","song_status":"1","old_status":"1","podcast":"on","podcastType":"2","artistType":{"1":"1","2":"2","3":"3","4":"4","5":"5"},"artistList":{"1":"2","2":"1","3":"3","4":"4","5":"5"},"percenteage":{"1":"10.00","2":"10.00","3":"40.00","4":"50.00","5":"10"}}', 'index/edit Update Success', '2016-12-29 10:56:02', '::1', '{"REDIRECT_MIBDIRS":"C:\\/xampp\\/php\\/extras\\/mibs","REDIRECT_MYSQL_HOME":"\\\\xampp\\\\mysql\\\\bin","REDIRECT_OPENSSL_CONF":"C:\\/xampp\\/apache\\/bin\\/openssl.cnf","REDIRECT_PHP_PEAR_SYSCONF_DIR":"\\\\xampp\\\\php","REDIRECT_PHPRC":"\\\\xampp\\\\php","REDIRECT_TMP":"\\\\xampp\\\\tmp","REDIRECT_STATUS":"200","MIBDIRS":"C:\\/xampp\\/php\\/extras\\/mibs","MYSQL_HOME":"\\\\xampp\\\\mysql\\\\bin","OPENSSL_CONF":"C:\\/xampp\\/apache\\/bin\\/openssl.cnf","PHP_PEAR_SYSCONF_DIR":"\\\\xampp\\\\php","PHPRC":"\\\\xampp\\\\php","TMP":"\\\\xampp\\\\tmp","HTTP_HOST":"[::1]","HTTP_USER_AGENT":"Mozilla\\/5.0 (Windows NT 6.1; rv:50.0) Gecko\\/20100101 Firefox\\/50.0","HTTP_ACCEPT":"text\\/html,application\\/xhtml+xml,application\\/xml;q=0.9,*\\/*;q=0.8","HTTP_ACCEPT_LANGUAGE":"en-GB,en;q=0.5","HTTP_ACCEPT_ENCODING":"gzip, deflate","HTTP_REFERER":"http:\\/\\/[::1]\\/music\\/song\\/index\\/edit_songs\\/9","HTTP_COOKIE":"ci_session=f15gqrsp0v2mqm8an55cjdbu58ermc0u","HTTP_CONNECTION":"keep-alive","HTTP_UPGRADE_INSECURE_REQUESTS":"1","CONTENT_TYPE":"multipart\\/form-data; boundary=---------------------------27791171872659","CONTENT_LENGTH":"4169","PATH":"C:\\\\ProgramData\\\\Oracle\\\\Java\\\\javapath;C:\\\\Windows\\\\system32;C:\\\\Windows;C:\\\\Windows\\\\System32\\\\Wbem;C:\\\\Windows\\\\System32\\\\WindowsPowerShell\\\\v1.0\\\\;C:\\\\Program Files\\\\Intel\\\\OpenCL SDK\\\\2.0\\\\bin\\\\x86;C:\\\\Program Files\\\\WinSCP3\\\\;C:\\\\Program Files\\\\Java\\\\jdk1.7.0\\\\bin;C:\\\\Program Files\\\\TortoiseSVN\\\\bin;C:\\\\Program Files\\\\apache-maven-3.3.9\\\\bin;C:\\\\Program Files\\\\apache-maven-3.3.9\\\\bin;C:\\\\Python27;C:\\\\Program Files\\\\nodejs\\\\;C:\\\\Program Files\\\\Skype\\\\Phone\\\\;","SystemRoot":"C:\\\\Windows","COMSPEC":"C:\\\\Windows\\\\system32\\\\cmd.exe","PATHEXT":".COM;.EXE;.BAT;.CMD;.VBS;.VBE;.JS;.JSE;.WSF;.WSH;.MSC","WINDIR":"C:\\\\Windows","SERVER_SIGNATURE":"<address>Apache\\/2.4.23 (Win32) OpenSSL\\/1.0.2h PHP\\/5.5.38 Server at ::1 Port 80<\\/address>\\n","SERVER_SOFTWARE":"Apache\\/2.4.23 (Win32) OpenSSL\\/1.0.2h PHP\\/5.5.38","SERVER_NAME":"[::1]","SERVER_ADDR":"::1","SERVER_PORT":"80","REMOTE_ADDR":"::1","DOCUMENT_ROOT":"C:\\/xampp\\/htdocs","REQUEST_SCHEME":"http","CONTEXT_PREFIX":"","CONTEXT_DOCUMENT_ROOT":"C:\\/xampp\\/htdocs","SERVER_ADMIN":"postmaster@localhost","SCRIPT_FILENAME":"C:\\/xampp\\/htdocs\\/music\\/index.php","REMOTE_PORT":"61916","REDIRECT_URL":"\\/music\\/song\\/index\\/edit\\/9","GATEWAY_INTERFACE":"CGI\\/1.1","SERVER_PROTOCOL":"HTTP\\/1.1","REQUEST_METHOD":"POST","QUERY_STRING":"","REQUEST_URI":"\\/music\\/song\\/index\\/edit\\/9","SCRIPT_NAME":"\\/music\\/index.php","PATH_INFO":"\\/song\\/index\\/edit\\/9","PATH_TRANSLATED":"C:\\\\xampp\\\\htdocs\\\\song\\\\index\\\\edit\\\\9","PHP_SELF":"\\/music\\/index.php\\/song\\/index\\/edit\\/9","REQUEST_TIME_FLOAT":1483005362.259,"REQUEST_TIME":1483005362}', '', 1, '2016-12-29 09:56:02', ''),
(15, 'Login', '{"ADMIN_ID":"10001","email":null,"username":"","fname":"Digient","lname":"Guindy"}', '', '2016-12-29 11:04:01', '::1', '{"REDIRECT_MIBDIRS":"C:\\/xampp\\/php\\/extras\\/mibs","REDIRECT_MYSQL_HOME":"\\\\xampp\\\\mysql\\\\bin","REDIRECT_OPENSSL_CONF":"C:\\/xampp\\/apache\\/bin\\/openssl.cnf","REDIRECT_PHP_PEAR_SYSCONF_DIR":"\\\\xampp\\\\php","REDIRECT_PHPRC":"\\\\xampp\\\\php","REDIRECT_TMP":"\\\\xampp\\\\tmp","REDIRECT_STATUS":"200","MIBDIRS":"C:\\/xampp\\/php\\/extras\\/mibs","MYSQL_HOME":"\\\\xampp\\\\mysql\\\\bin","OPENSSL_CONF":"C:\\/xampp\\/apache\\/bin\\/openssl.cnf","PHP_PEAR_SYSCONF_DIR":"\\\\xampp\\\\php","PHPRC":"\\\\xampp\\\\php","TMP":"\\\\xampp\\\\tmp","HTTP_HOST":"[::1]","HTTP_CONNECTION":"keep-alive","CONTENT_LENGTH":"58","HTTP_CACHE_CONTROL":"max-age=0","HTTP_ORIGIN":"http:\\/\\/[::1]","HTTP_UPGRADE_INSECURE_REQUESTS":"1","HTTP_USER_AGENT":"Mozilla\\/5.0 (Windows NT 6.1) AppleWebKit\\/537.36 (KHTML, like Gecko) Chrome\\/55.0.2883.87 Safari\\/537.36","CONTENT_TYPE":"application\\/x-www-form-urlencoded","HTTP_ACCEPT":"text\\/html,application\\/xhtml+xml,application\\/xml;q=0.9,image\\/webp,*\\/*;q=0.8","HTTP_REFERER":"http:\\/\\/[::1]\\/music\\/login","HTTP_ACCEPT_ENCODING":"gzip, deflate, br","HTTP_ACCEPT_LANGUAGE":"en-GB,en-US;q=0.8,en;q=0.6","HTTP_COOKIE":"ci_session=3nc3uac0n2hgm80lmvfk2r0nvph3p581","PATH":"C:\\\\ProgramData\\\\Oracle\\\\Java\\\\javapath;C:\\\\Windows\\\\system32;C:\\\\Windows;C:\\\\Windows\\\\System32\\\\Wbem;C:\\\\Windows\\\\System32\\\\WindowsPowerShell\\\\v1.0\\\\;C:\\\\Program Files\\\\Intel\\\\OpenCL SDK\\\\2.0\\\\bin\\\\x86;C:\\\\Program Files\\\\WinSCP3\\\\;C:\\\\Program Files\\\\Java\\\\jdk1.7.0\\\\bin;C:\\\\Program Files\\\\TortoiseSVN\\\\bin;C:\\\\Program Files\\\\apache-maven-3.3.9\\\\bin;C:\\\\Program Files\\\\apache-maven-3.3.9\\\\bin;C:\\\\Python27;C:\\\\Program Files\\\\nodejs\\\\;C:\\\\Program Files\\\\Skype\\\\Phone\\\\;","SystemRoot":"C:\\\\Windows","COMSPEC":"C:\\\\Windows\\\\system32\\\\cmd.exe","PATHEXT":".COM;.EXE;.BAT;.CMD;.VBS;.VBE;.JS;.JSE;.WSF;.WSH;.MSC","WINDIR":"C:\\\\Windows","SERVER_SIGNATURE":"<address>Apache\\/2.4.23 (Win32) OpenSSL\\/1.0.2h PHP\\/5.5.38 Server at ::1 Port 80<\\/address>\\n","SERVER_SOFTWARE":"Apache\\/2.4.23 (Win32) OpenSSL\\/1.0.2h PHP\\/5.5.38","SERVER_NAME":"[::1]","SERVER_ADDR":"::1","SERVER_PORT":"80","REMOTE_ADDR":"::1","DOCUMENT_ROOT":"C:\\/xampp\\/htdocs","REQUEST_SCHEME":"http","CONTEXT_PREFIX":"","CONTEXT_DOCUMENT_ROOT":"C:\\/xampp\\/htdocs","SERVER_ADMIN":"postmaster@localhost","SCRIPT_FILENAME":"C:\\/xampp\\/htdocs\\/music\\/index.php","REMOTE_PORT":"62005","REDIRECT_URL":"\\/music\\/login","GATEWAY_INTERFACE":"CGI\\/1.1","SERVER_PROTOCOL":"HTTP\\/1.1","REQUEST_METHOD":"POST","QUERY_STRING":"","REQUEST_URI":"\\/music\\/login","SCRIPT_NAME":"\\/music\\/index.php","PATH_INFO":"\\/login","PATH_TRANSLATED":"C:\\\\xampp\\\\htdocs\\\\login","PHP_SELF":"\\/music\\/index.php\\/login","REQUEST_TIME_FLOAT":1483005841.336,"REQUEST_TIME":1483005841}', '', 1, '2016-12-29 10:04:01', '10001'),
(16, 'Login', '{"ADMIN_ID":"10001","email":null,"username":"","fname":"Digient","lname":"Guindy"}', '', '2016-12-29 11:48:17', '::1', '{"REDIRECT_MIBDIRS":"C:\\/xampp\\/php\\/extras\\/mibs","REDIRECT_MYSQL_HOME":"\\\\xampp\\\\mysql\\\\bin","REDIRECT_OPENSSL_CONF":"C:\\/xampp\\/apache\\/bin\\/openssl.cnf","REDIRECT_PHP_PEAR_SYSCONF_DIR":"\\\\xampp\\\\php","REDIRECT_PHPRC":"\\\\xampp\\\\php","REDIRECT_TMP":"\\\\xampp\\\\tmp","REDIRECT_STATUS":"200","MIBDIRS":"C:\\/xampp\\/php\\/extras\\/mibs","MYSQL_HOME":"\\\\xampp\\\\mysql\\\\bin","OPENSSL_CONF":"C:\\/xampp\\/apache\\/bin\\/openssl.cnf","PHP_PEAR_SYSCONF_DIR":"\\\\xampp\\\\php","PHPRC":"\\\\xampp\\\\php","TMP":"\\\\xampp\\\\tmp","HTTP_HOST":"[::1]","HTTP_USER_AGENT":"Mozilla\\/5.0 (Windows NT 6.1; rv:50.0) Gecko\\/20100101 Firefox\\/50.0","HTTP_ACCEPT":"text\\/html,application\\/xhtml+xml,application\\/xml;q=0.9,*\\/*;q=0.8","HTTP_ACCEPT_LANGUAGE":"en-GB,en;q=0.5","HTTP_ACCEPT_ENCODING":"gzip, deflate","HTTP_REFERER":"http:\\/\\/[::1]\\/music\\/login","HTTP_COOKIE":"ci_session=e3df877pch5151nj552ep69u4ivgfs2b","HTTP_CONNECTION":"keep-alive","HTTP_UPGRADE_INSECURE_REQUESTS":"1","CONTENT_TYPE":"application\\/x-www-form-urlencoded","CONTENT_LENGTH":"58","PATH":"C:\\\\ProgramData\\\\Oracle\\\\Java\\\\javapath;C:\\\\Windows\\\\system32;C:\\\\Windows;C:\\\\Windows\\\\System32\\\\Wbem;C:\\\\Windows\\\\System32\\\\WindowsPowerShell\\\\v1.0\\\\;C:\\\\Program Files\\\\Intel\\\\OpenCL SDK\\\\2.0\\\\bin\\\\x86;C:\\\\Program Files\\\\WinSCP3\\\\;C:\\\\Program Files\\\\Java\\\\jdk1.7.0\\\\bin;C:\\\\Program Files\\\\TortoiseSVN\\\\bin;C:\\\\Program Files\\\\apache-maven-3.3.9\\\\bin;C:\\\\Program Files\\\\apache-maven-3.3.9\\\\bin;C:\\\\Python27;C:\\\\Program Files\\\\nodejs\\\\;C:\\\\Program Files\\\\Skype\\\\Phone\\\\;","SystemRoot":"C:\\\\Windows","COMSPEC":"C:\\\\Windows\\\\system32\\\\cmd.exe","PATHEXT":".COM;.EXE;.BAT;.CMD;.VBS;.VBE;.JS;.JSE;.WSF;.WSH;.MSC","WINDIR":"C:\\\\Windows","SERVER_SIGNATURE":"<address>Apache\\/2.4.23 (Win32) OpenSSL\\/1.0.2h PHP\\/5.5.38 Server at ::1 Port 80<\\/address>\\n","SERVER_SOFTWARE":"Apache\\/2.4.23 (Win32) OpenSSL\\/1.0.2h PHP\\/5.5.38","SERVER_NAME":"[::1]","SERVER_ADDR":"::1","SERVER_PORT":"80","REMOTE_ADDR":"::1","DOCUMENT_ROOT":"C:\\/xampp\\/htdocs","REQUEST_SCHEME":"http","CONTEXT_PREFIX":"","CONTEXT_DOCUMENT_ROOT":"C:\\/xampp\\/htdocs","SERVER_ADMIN":"postmaster@localhost","SCRIPT_FILENAME":"C:\\/xampp\\/htdocs\\/music\\/index.php","REMOTE_PORT":"63046","REDIRECT_URL":"\\/music\\/login","GATEWAY_INTERFACE":"CGI\\/1.1","SERVER_PROTOCOL":"HTTP\\/1.1","REQUEST_METHOD":"POST","QUERY_STRING":"","REQUEST_URI":"\\/music\\/login","SCRIPT_NAME":"\\/music\\/index.php","PATH_INFO":"\\/login","PATH_TRANSLATED":"C:\\\\xampp\\\\htdocs\\\\login","PHP_SELF":"\\/music\\/index.php\\/login","REQUEST_TIME_FLOAT":1483008497.09,"REQUEST_TIME":1483008497}', '', 1, '2016-12-29 10:48:17', '10001');
INSERT INTO `activity_tracking` (`ACTIVITY_ID`, `ACTIVITY_ACTION`, `ACTIVITY_DATA`, `ACTIVITY_DATA1`, `ACTIVITY_DATE`, `SYSTEM_IP`, `SYSTEM_INFO`, `SYSTEM_MAC`, `STATUS`, `ACTIVITY_UPDATED_ON`, `ACTIVITY_BY`) VALUES
(17, 'Login', '{"ADMIN_ID":"10001","email":null,"username":"","fname":"Digient","lname":"Guindy"}', '', '2016-12-29 13:59:19', '::1', '{"REDIRECT_MIBDIRS":"C:\\/xampp\\/php\\/extras\\/mibs","REDIRECT_MYSQL_HOME":"\\\\xampp\\\\mysql\\\\bin","REDIRECT_OPENSSL_CONF":"C:\\/xampp\\/apache\\/bin\\/openssl.cnf","REDIRECT_PHP_PEAR_SYSCONF_DIR":"\\\\xampp\\\\php","REDIRECT_PHPRC":"\\\\xampp\\\\php","REDIRECT_TMP":"\\\\xampp\\\\tmp","REDIRECT_STATUS":"200","MIBDIRS":"C:\\/xampp\\/php\\/extras\\/mibs","MYSQL_HOME":"\\\\xampp\\\\mysql\\\\bin","OPENSSL_CONF":"C:\\/xampp\\/apache\\/bin\\/openssl.cnf","PHP_PEAR_SYSCONF_DIR":"\\\\xampp\\\\php","PHPRC":"\\\\xampp\\\\php","TMP":"\\\\xampp\\\\tmp","HTTP_HOST":"[::1]","HTTP_CONNECTION":"keep-alive","CONTENT_LENGTH":"58","HTTP_CACHE_CONTROL":"max-age=0","HTTP_ORIGIN":"http:\\/\\/[::1]","HTTP_UPGRADE_INSECURE_REQUESTS":"1","HTTP_USER_AGENT":"Mozilla\\/5.0 (Windows NT 6.1) AppleWebKit\\/537.36 (KHTML, like Gecko) Chrome\\/55.0.2883.87 Safari\\/537.36","CONTENT_TYPE":"application\\/x-www-form-urlencoded","HTTP_ACCEPT":"text\\/html,application\\/xhtml+xml,application\\/xml;q=0.9,image\\/webp,*\\/*;q=0.8","HTTP_REFERER":"http:\\/\\/[::1]\\/music\\/login","HTTP_ACCEPT_ENCODING":"gzip, deflate, br","HTTP_ACCEPT_LANGUAGE":"en-GB,en-US;q=0.8,en;q=0.6","HTTP_COOKIE":"ci_session=4e9ulvr6op5outv5nk3qjebpin13t412","PATH":"C:\\\\ProgramData\\\\Oracle\\\\Java\\\\javapath;C:\\\\Windows\\\\system32;C:\\\\Windows;C:\\\\Windows\\\\System32\\\\Wbem;C:\\\\Windows\\\\System32\\\\WindowsPowerShell\\\\v1.0\\\\;C:\\\\Program Files\\\\Intel\\\\OpenCL SDK\\\\2.0\\\\bin\\\\x86;C:\\\\Program Files\\\\WinSCP3\\\\;C:\\\\Program Files\\\\Java\\\\jdk1.7.0\\\\bin;C:\\\\Program Files\\\\TortoiseSVN\\\\bin;C:\\\\Program Files\\\\apache-maven-3.3.9\\\\bin;C:\\\\Program Files\\\\apache-maven-3.3.9\\\\bin;C:\\\\Python27;C:\\\\Program Files\\\\nodejs\\\\;C:\\\\Program Files\\\\Skype\\\\Phone\\\\;","SystemRoot":"C:\\\\Windows","COMSPEC":"C:\\\\Windows\\\\system32\\\\cmd.exe","PATHEXT":".COM;.EXE;.BAT;.CMD;.VBS;.VBE;.JS;.JSE;.WSF;.WSH;.MSC","WINDIR":"C:\\\\Windows","SERVER_SIGNATURE":"<address>Apache\\/2.4.23 (Win32) OpenSSL\\/1.0.2h PHP\\/5.5.38 Server at ::1 Port 80<\\/address>\\n","SERVER_SOFTWARE":"Apache\\/2.4.23 (Win32) OpenSSL\\/1.0.2h PHP\\/5.5.38","SERVER_NAME":"[::1]","SERVER_ADDR":"::1","SERVER_PORT":"80","REMOTE_ADDR":"::1","DOCUMENT_ROOT":"C:\\/xampp\\/htdocs","REQUEST_SCHEME":"http","CONTEXT_PREFIX":"","CONTEXT_DOCUMENT_ROOT":"C:\\/xampp\\/htdocs","SERVER_ADMIN":"postmaster@localhost","SCRIPT_FILENAME":"C:\\/xampp\\/htdocs\\/music\\/index.php","REMOTE_PORT":"49397","REDIRECT_URL":"\\/music\\/login","GATEWAY_INTERFACE":"CGI\\/1.1","SERVER_PROTOCOL":"HTTP\\/1.1","REQUEST_METHOD":"POST","QUERY_STRING":"","REQUEST_URI":"\\/music\\/login","SCRIPT_NAME":"\\/music\\/index.php","PATH_INFO":"\\/login","PATH_TRANSLATED":"C:\\\\xampp\\\\htdocs\\\\login","PHP_SELF":"\\/music\\/index.php\\/login","REQUEST_TIME_FLOAT":1483016358.986,"REQUEST_TIME":1483016358}', '', 1, '2016-12-29 12:59:19', '10001'),
(18, 'Login', '{"ADMIN_ID":"10001","email":null,"username":"","fname":"Digient","lname":"Guindy"}', '', '2016-12-29 14:04:23', '::1', '{"REDIRECT_MIBDIRS":"C:\\/xampp\\/php\\/extras\\/mibs","REDIRECT_MYSQL_HOME":"\\\\xampp\\\\mysql\\\\bin","REDIRECT_OPENSSL_CONF":"C:\\/xampp\\/apache\\/bin\\/openssl.cnf","REDIRECT_PHP_PEAR_SYSCONF_DIR":"\\\\xampp\\\\php","REDIRECT_PHPRC":"\\\\xampp\\\\php","REDIRECT_TMP":"\\\\xampp\\\\tmp","REDIRECT_STATUS":"200","MIBDIRS":"C:\\/xampp\\/php\\/extras\\/mibs","MYSQL_HOME":"\\\\xampp\\\\mysql\\\\bin","OPENSSL_CONF":"C:\\/xampp\\/apache\\/bin\\/openssl.cnf","PHP_PEAR_SYSCONF_DIR":"\\\\xampp\\\\php","PHPRC":"\\\\xampp\\\\php","TMP":"\\\\xampp\\\\tmp","HTTP_HOST":"[::1]","HTTP_USER_AGENT":"Mozilla\\/5.0 (Windows NT 6.1; rv:50.0) Gecko\\/20100101 Firefox\\/50.0","HTTP_ACCEPT":"text\\/html,application\\/xhtml+xml,application\\/xml;q=0.9,*\\/*;q=0.8","HTTP_ACCEPT_LANGUAGE":"en-GB,en;q=0.5","HTTP_ACCEPT_ENCODING":"gzip, deflate","HTTP_REFERER":"http:\\/\\/[::1]\\/music\\/login","HTTP_COOKIE":"ci_session=4r3kgmbeob380livllr1nni4s9n152kg","HTTP_CONNECTION":"keep-alive","HTTP_UPGRADE_INSECURE_REQUESTS":"1","CONTENT_TYPE":"application\\/x-www-form-urlencoded","CONTENT_LENGTH":"58","PATH":"C:\\\\ProgramData\\\\Oracle\\\\Java\\\\javapath;C:\\\\Windows\\\\system32;C:\\\\Windows;C:\\\\Windows\\\\System32\\\\Wbem;C:\\\\Windows\\\\System32\\\\WindowsPowerShell\\\\v1.0\\\\;C:\\\\Program Files\\\\Intel\\\\OpenCL SDK\\\\2.0\\\\bin\\\\x86;C:\\\\Program Files\\\\WinSCP3\\\\;C:\\\\Program Files\\\\Java\\\\jdk1.7.0\\\\bin;C:\\\\Program Files\\\\TortoiseSVN\\\\bin;C:\\\\Program Files\\\\apache-maven-3.3.9\\\\bin;C:\\\\Program Files\\\\apache-maven-3.3.9\\\\bin;C:\\\\Python27;C:\\\\Program Files\\\\nodejs\\\\;C:\\\\Program Files\\\\Skype\\\\Phone\\\\;","SystemRoot":"C:\\\\Windows","COMSPEC":"C:\\\\Windows\\\\system32\\\\cmd.exe","PATHEXT":".COM;.EXE;.BAT;.CMD;.VBS;.VBE;.JS;.JSE;.WSF;.WSH;.MSC","WINDIR":"C:\\\\Windows","SERVER_SIGNATURE":"<address>Apache\\/2.4.23 (Win32) OpenSSL\\/1.0.2h PHP\\/5.5.38 Server at ::1 Port 80<\\/address>\\n","SERVER_SOFTWARE":"Apache\\/2.4.23 (Win32) OpenSSL\\/1.0.2h PHP\\/5.5.38","SERVER_NAME":"[::1]","SERVER_ADDR":"::1","SERVER_PORT":"80","REMOTE_ADDR":"::1","DOCUMENT_ROOT":"C:\\/xampp\\/htdocs","REQUEST_SCHEME":"http","CONTEXT_PREFIX":"","CONTEXT_DOCUMENT_ROOT":"C:\\/xampp\\/htdocs","SERVER_ADMIN":"postmaster@localhost","SCRIPT_FILENAME":"C:\\/xampp\\/htdocs\\/music\\/index.php","REMOTE_PORT":"49479","REDIRECT_URL":"\\/music\\/login","GATEWAY_INTERFACE":"CGI\\/1.1","SERVER_PROTOCOL":"HTTP\\/1.1","REQUEST_METHOD":"POST","QUERY_STRING":"","REQUEST_URI":"\\/music\\/login","SCRIPT_NAME":"\\/music\\/index.php","PATH_INFO":"\\/login","PATH_TRANSLATED":"C:\\\\xampp\\\\htdocs\\\\login","PHP_SELF":"\\/music\\/index.php\\/login","REQUEST_TIME_FLOAT":1483016663.016,"REQUEST_TIME":1483016663}', '', 1, '2016-12-29 13:04:23', '10001'),
(19, 'Login', '{"ADMIN_ID":"10001","email":null,"username":"","fname":"Digient","lname":"Guindy"}', '', '2016-12-30 06:13:28', '::1', '{"MIBDIRS":"C:\\/xampp\\/php\\/extras\\/mibs","MYSQL_HOME":"\\\\xampp\\\\mysql\\\\bin","OPENSSL_CONF":"C:\\/xampp\\/apache\\/bin\\/openssl.cnf","PHP_PEAR_SYSCONF_DIR":"\\\\xampp\\\\php","PHPRC":"\\\\xampp\\\\php","TMP":"\\\\xampp\\\\tmp","HTTP_HOST":"localhost","HTTP_USER_AGENT":"Mozilla\\/5.0 (Windows NT 6.1; rv:50.0) Gecko\\/20100101 Firefox\\/50.0","HTTP_ACCEPT":"text\\/html,application\\/xhtml+xml,application\\/xml;q=0.9,*\\/*;q=0.8","HTTP_ACCEPT_LANGUAGE":"en-GB,en;q=0.5","HTTP_ACCEPT_ENCODING":"gzip, deflate","HTTP_REFERER":"http:\\/\\/localhost\\/music\\/","HTTP_COOKIE":"ci_session=ki8t7t6do3i2v16lfgvvv95a0gct6smt","HTTP_CONNECTION":"keep-alive","HTTP_UPGRADE_INSECURE_REQUESTS":"1","CONTENT_TYPE":"application\\/x-www-form-urlencoded","CONTENT_LENGTH":"58","PATH":"C:\\\\ProgramData\\\\Oracle\\\\Java\\\\javapath;C:\\\\Windows\\\\system32;C:\\\\Windows;C:\\\\Windows\\\\System32\\\\Wbem;C:\\\\Windows\\\\System32\\\\WindowsPowerShell\\\\v1.0\\\\;C:\\\\Program Files\\\\Intel\\\\OpenCL SDK\\\\2.0\\\\bin\\\\x86;C:\\\\Program Files\\\\WinSCP3\\\\;C:\\\\Program Files\\\\Java\\\\jdk1.7.0\\\\bin;C:\\\\Program Files\\\\TortoiseSVN\\\\bin;C:\\\\Program Files\\\\apache-maven-3.3.9\\\\bin;C:\\\\Program Files\\\\apache-maven-3.3.9\\\\bin;C:\\\\Python27;C:\\\\Program Files\\\\nodejs\\\\;C:\\\\Program Files\\\\Skype\\\\Phone\\\\;","SystemRoot":"C:\\\\Windows","COMSPEC":"C:\\\\Windows\\\\system32\\\\cmd.exe","PATHEXT":".COM;.EXE;.BAT;.CMD;.VBS;.VBE;.JS;.JSE;.WSF;.WSH;.MSC","WINDIR":"C:\\\\Windows","SERVER_SIGNATURE":"<address>Apache\\/2.4.23 (Win32) OpenSSL\\/1.0.2h PHP\\/5.5.38 Server at localhost Port 80<\\/address>\\n","SERVER_SOFTWARE":"Apache\\/2.4.23 (Win32) OpenSSL\\/1.0.2h PHP\\/5.5.38","SERVER_NAME":"localhost","SERVER_ADDR":"::1","SERVER_PORT":"80","REMOTE_ADDR":"::1","DOCUMENT_ROOT":"C:\\/xampp\\/htdocs","REQUEST_SCHEME":"http","CONTEXT_PREFIX":"","CONTEXT_DOCUMENT_ROOT":"C:\\/xampp\\/htdocs","SERVER_ADMIN":"postmaster@localhost","SCRIPT_FILENAME":"C:\\/xampp\\/htdocs\\/music\\/index.php","REMOTE_PORT":"49986","GATEWAY_INTERFACE":"CGI\\/1.1","SERVER_PROTOCOL":"HTTP\\/1.1","REQUEST_METHOD":"POST","QUERY_STRING":"","REQUEST_URI":"\\/music\\/","SCRIPT_NAME":"\\/music\\/index.php","PHP_SELF":"\\/music\\/index.php","REQUEST_TIME_FLOAT":1483074808.198,"REQUEST_TIME":1483074808}', '', 1, '2016-12-30 05:13:28', '10001'),
(20, 'Login', '{"ADMIN_ID":"10001","email":null,"username":"","fname":"Digient","lname":"Guindy"}', '', '2016-12-30 06:13:45', '::1', '{"MIBDIRS":"C:\\/xampp\\/php\\/extras\\/mibs","MYSQL_HOME":"\\\\xampp\\\\mysql\\\\bin","OPENSSL_CONF":"C:\\/xampp\\/apache\\/bin\\/openssl.cnf","PHP_PEAR_SYSCONF_DIR":"\\\\xampp\\\\php","PHPRC":"\\\\xampp\\\\php","TMP":"\\\\xampp\\\\tmp","HTTP_HOST":"[::1]","HTTP_USER_AGENT":"Mozilla\\/5.0 (Windows NT 6.1; rv:50.0) Gecko\\/20100101 Firefox\\/50.0","HTTP_ACCEPT":"text\\/html,application\\/xhtml+xml,application\\/xml;q=0.9,*\\/*;q=0.8","HTTP_ACCEPT_LANGUAGE":"en-GB,en;q=0.5","HTTP_ACCEPT_ENCODING":"gzip, deflate","HTTP_REFERER":"http:\\/\\/[::1]\\/music\\/","HTTP_COOKIE":"ci_session=eta5fbqakmsdheksg68ei6apogd5gu8q","HTTP_CONNECTION":"keep-alive","HTTP_UPGRADE_INSECURE_REQUESTS":"1","CONTENT_TYPE":"application\\/x-www-form-urlencoded","CONTENT_LENGTH":"58","PATH":"C:\\\\ProgramData\\\\Oracle\\\\Java\\\\javapath;C:\\\\Windows\\\\system32;C:\\\\Windows;C:\\\\Windows\\\\System32\\\\Wbem;C:\\\\Windows\\\\System32\\\\WindowsPowerShell\\\\v1.0\\\\;C:\\\\Program Files\\\\Intel\\\\OpenCL SDK\\\\2.0\\\\bin\\\\x86;C:\\\\Program Files\\\\WinSCP3\\\\;C:\\\\Program Files\\\\Java\\\\jdk1.7.0\\\\bin;C:\\\\Program Files\\\\TortoiseSVN\\\\bin;C:\\\\Program Files\\\\apache-maven-3.3.9\\\\bin;C:\\\\Program Files\\\\apache-maven-3.3.9\\\\bin;C:\\\\Python27;C:\\\\Program Files\\\\nodejs\\\\;C:\\\\Program Files\\\\Skype\\\\Phone\\\\;","SystemRoot":"C:\\\\Windows","COMSPEC":"C:\\\\Windows\\\\system32\\\\cmd.exe","PATHEXT":".COM;.EXE;.BAT;.CMD;.VBS;.VBE;.JS;.JSE;.WSF;.WSH;.MSC","WINDIR":"C:\\\\Windows","SERVER_SIGNATURE":"<address>Apache\\/2.4.23 (Win32) OpenSSL\\/1.0.2h PHP\\/5.5.38 Server at ::1 Port 80<\\/address>\\n","SERVER_SOFTWARE":"Apache\\/2.4.23 (Win32) OpenSSL\\/1.0.2h PHP\\/5.5.38","SERVER_NAME":"[::1]","SERVER_ADDR":"::1","SERVER_PORT":"80","REMOTE_ADDR":"::1","DOCUMENT_ROOT":"C:\\/xampp\\/htdocs","REQUEST_SCHEME":"http","CONTEXT_PREFIX":"","CONTEXT_DOCUMENT_ROOT":"C:\\/xampp\\/htdocs","SERVER_ADMIN":"postmaster@localhost","SCRIPT_FILENAME":"C:\\/xampp\\/htdocs\\/music\\/index.php","REMOTE_PORT":"49993","GATEWAY_INTERFACE":"CGI\\/1.1","SERVER_PROTOCOL":"HTTP\\/1.1","REQUEST_METHOD":"POST","QUERY_STRING":"","REQUEST_URI":"\\/music\\/","SCRIPT_NAME":"\\/music\\/index.php","PHP_SELF":"\\/music\\/index.php","REQUEST_TIME_FLOAT":1483074825.848,"REQUEST_TIME":1483074825}', '', 1, '2016-12-30 05:13:45', '10001'),
(21, 'Login', '{"ADMIN_ID":"10001","email":null,"username":"","fname":"Digient","lname":"Guindy"}', '', '2016-12-30 09:07:20', '::1', '{"MIBDIRS":"C:\\/xampp\\/php\\/extras\\/mibs","MYSQL_HOME":"\\\\xampp\\\\mysql\\\\bin","OPENSSL_CONF":"C:\\/xampp\\/apache\\/bin\\/openssl.cnf","PHP_PEAR_SYSCONF_DIR":"\\\\xampp\\\\php","PHPRC":"\\\\xampp\\\\php","TMP":"\\\\xampp\\\\tmp","HTTP_HOST":"[::1]","HTTP_USER_AGENT":"Mozilla\\/5.0 (Windows NT 6.1; rv:50.0) Gecko\\/20100101 Firefox\\/50.0","HTTP_ACCEPT":"text\\/html,application\\/xhtml+xml,application\\/xml;q=0.9,*\\/*;q=0.8","HTTP_ACCEPT_LANGUAGE":"en-GB,en;q=0.5","HTTP_ACCEPT_ENCODING":"gzip, deflate","HTTP_REFERER":"http:\\/\\/[::1]\\/music\\/","HTTP_COOKIE":"ci_session=sksi8st4vmve1rd6rshqbdi31k31a630","HTTP_CONNECTION":"keep-alive","HTTP_UPGRADE_INSECURE_REQUESTS":"1","CONTENT_TYPE":"application\\/x-www-form-urlencoded","CONTENT_LENGTH":"58","PATH":"C:\\\\ProgramData\\\\Oracle\\\\Java\\\\javapath;C:\\\\Windows\\\\system32;C:\\\\Windows;C:\\\\Windows\\\\System32\\\\Wbem;C:\\\\Windows\\\\System32\\\\WindowsPowerShell\\\\v1.0\\\\;C:\\\\Program Files\\\\Intel\\\\OpenCL SDK\\\\2.0\\\\bin\\\\x86;C:\\\\Program Files\\\\WinSCP3\\\\;C:\\\\Program Files\\\\Java\\\\jdk1.7.0\\\\bin;C:\\\\Program Files\\\\TortoiseSVN\\\\bin;C:\\\\Program Files\\\\apache-maven-3.3.9\\\\bin;C:\\\\Program Files\\\\apache-maven-3.3.9\\\\bin;C:\\\\Python27;C:\\\\Program Files\\\\nodejs\\\\;C:\\\\Program Files\\\\Skype\\\\Phone\\\\;","SystemRoot":"C:\\\\Windows","COMSPEC":"C:\\\\Windows\\\\system32\\\\cmd.exe","PATHEXT":".COM;.EXE;.BAT;.CMD;.VBS;.VBE;.JS;.JSE;.WSF;.WSH;.MSC","WINDIR":"C:\\\\Windows","SERVER_SIGNATURE":"<address>Apache\\/2.4.23 (Win32) OpenSSL\\/1.0.2h PHP\\/5.5.38 Server at ::1 Port 80<\\/address>\\n","SERVER_SOFTWARE":"Apache\\/2.4.23 (Win32) OpenSSL\\/1.0.2h PHP\\/5.5.38","SERVER_NAME":"[::1]","SERVER_ADDR":"::1","SERVER_PORT":"80","REMOTE_ADDR":"::1","DOCUMENT_ROOT":"C:\\/xampp\\/htdocs","REQUEST_SCHEME":"http","CONTEXT_PREFIX":"","CONTEXT_DOCUMENT_ROOT":"C:\\/xampp\\/htdocs","SERVER_ADMIN":"postmaster@localhost","SCRIPT_FILENAME":"C:\\/xampp\\/htdocs\\/music\\/index.php","REMOTE_PORT":"59353","GATEWAY_INTERFACE":"CGI\\/1.1","SERVER_PROTOCOL":"HTTP\\/1.1","REQUEST_METHOD":"POST","QUERY_STRING":"","REQUEST_URI":"\\/music\\/","SCRIPT_NAME":"\\/music\\/index.php","PHP_SELF":"\\/music\\/index.php","REQUEST_TIME_FLOAT":1483085240.632,"REQUEST_TIME":1483085240}', '', 1, '2016-12-30 08:07:20', '10001'),
(22, 'Login', '{"ADMIN_ID":"10001","email":null,"username":"","fname":"Digient","lname":"Guindy"}', '', '2016-12-30 13:50:53', '::1', '{"REDIRECT_MIBDIRS":"C:\\/xampp\\/php\\/extras\\/mibs","REDIRECT_MYSQL_HOME":"\\\\xampp\\\\mysql\\\\bin","REDIRECT_OPENSSL_CONF":"C:\\/xampp\\/apache\\/bin\\/openssl.cnf","REDIRECT_PHP_PEAR_SYSCONF_DIR":"\\\\xampp\\\\php","REDIRECT_PHPRC":"\\\\xampp\\\\php","REDIRECT_TMP":"\\\\xampp\\\\tmp","REDIRECT_STATUS":"200","MIBDIRS":"C:\\/xampp\\/php\\/extras\\/mibs","MYSQL_HOME":"\\\\xampp\\\\mysql\\\\bin","OPENSSL_CONF":"C:\\/xampp\\/apache\\/bin\\/openssl.cnf","PHP_PEAR_SYSCONF_DIR":"\\\\xampp\\\\php","PHPRC":"\\\\xampp\\\\php","TMP":"\\\\xampp\\\\tmp","HTTP_HOST":"[::1]","HTTP_USER_AGENT":"Mozilla\\/5.0 (Windows NT 6.1; rv:50.0) Gecko\\/20100101 Firefox\\/50.0","HTTP_ACCEPT":"text\\/html,application\\/xhtml+xml,application\\/xml;q=0.9,*\\/*;q=0.8","HTTP_ACCEPT_LANGUAGE":"en-GB,en;q=0.5","HTTP_ACCEPT_ENCODING":"gzip, deflate","HTTP_REFERER":"http:\\/\\/[::1]\\/music\\/login","HTTP_COOKIE":"ci_session=g9a6auct8638b74oton8v32i1bgl4t31","HTTP_CONNECTION":"keep-alive","HTTP_UPGRADE_INSECURE_REQUESTS":"1","CONTENT_TYPE":"application\\/x-www-form-urlencoded","CONTENT_LENGTH":"58","PATH":"C:\\\\ProgramData\\\\Oracle\\\\Java\\\\javapath;C:\\\\Windows\\\\system32;C:\\\\Windows;C:\\\\Windows\\\\System32\\\\Wbem;C:\\\\Windows\\\\System32\\\\WindowsPowerShell\\\\v1.0\\\\;C:\\\\Program Files\\\\Intel\\\\OpenCL SDK\\\\2.0\\\\bin\\\\x86;C:\\\\Program Files\\\\WinSCP3\\\\;C:\\\\Program Files\\\\Java\\\\jdk1.7.0\\\\bin;C:\\\\Program Files\\\\TortoiseSVN\\\\bin;C:\\\\Program Files\\\\apache-maven-3.3.9\\\\bin;C:\\\\Program Files\\\\apache-maven-3.3.9\\\\bin;C:\\\\Python27;C:\\\\Program Files\\\\nodejs\\\\;C:\\\\Program Files\\\\Skype\\\\Phone\\\\;","SystemRoot":"C:\\\\Windows","COMSPEC":"C:\\\\Windows\\\\system32\\\\cmd.exe","PATHEXT":".COM;.EXE;.BAT;.CMD;.VBS;.VBE;.JS;.JSE;.WSF;.WSH;.MSC","WINDIR":"C:\\\\Windows","SERVER_SIGNATURE":"<address>Apache\\/2.4.23 (Win32) OpenSSL\\/1.0.2h PHP\\/5.5.38 Server at ::1 Port 80<\\/address>\\n","SERVER_SOFTWARE":"Apache\\/2.4.23 (Win32) OpenSSL\\/1.0.2h PHP\\/5.5.38","SERVER_NAME":"[::1]","SERVER_ADDR":"::1","SERVER_PORT":"80","REMOTE_ADDR":"::1","DOCUMENT_ROOT":"C:\\/xampp\\/htdocs","REQUEST_SCHEME":"http","CONTEXT_PREFIX":"","CONTEXT_DOCUMENT_ROOT":"C:\\/xampp\\/htdocs","SERVER_ADMIN":"postmaster@localhost","SCRIPT_FILENAME":"C:\\/xampp\\/htdocs\\/music\\/index.php","REMOTE_PORT":"62967","REDIRECT_URL":"\\/music\\/login","GATEWAY_INTERFACE":"CGI\\/1.1","SERVER_PROTOCOL":"HTTP\\/1.1","REQUEST_METHOD":"POST","QUERY_STRING":"","REQUEST_URI":"\\/music\\/login","SCRIPT_NAME":"\\/music\\/index.php","PATH_INFO":"\\/login","PATH_TRANSLATED":"C:\\\\xampp\\\\htdocs\\\\login","PHP_SELF":"\\/music\\/index.php\\/login","REQUEST_TIME_FLOAT":1483102253.772,"REQUEST_TIME":1483102253}', '', 1, '2016-12-30 12:50:53', '10001'),
(23, 'Login', '{"ADMIN_ID":"10001","email":null,"username":"","fname":"Digient","lname":"Guindy"}', '', '2017-01-03 07:32:09', '::1', '{"MIBDIRS":"C:\\/xampp\\/php\\/extras\\/mibs","MYSQL_HOME":"\\\\xampp\\\\mysql\\\\bin","OPENSSL_CONF":"C:\\/xampp\\/apache\\/bin\\/openssl.cnf","PHP_PEAR_SYSCONF_DIR":"\\\\xampp\\\\php","PHPRC":"\\\\xampp\\\\php","TMP":"\\\\xampp\\\\tmp","HTTP_HOST":"localhost","HTTP_USER_AGENT":"Mozilla\\/5.0 (Windows NT 6.1; rv:50.0) Gecko\\/20100101 Firefox\\/50.0","HTTP_ACCEPT":"text\\/html,application\\/xhtml+xml,application\\/xml;q=0.9,*\\/*;q=0.8","HTTP_ACCEPT_LANGUAGE":"en-GB,en;q=0.5","HTTP_ACCEPT_ENCODING":"gzip, deflate","HTTP_REFERER":"http:\\/\\/localhost\\/music\\/","HTTP_COOKIE":"ci_session=k97rbr3pnei7l9d11c1anhc08jpc3a23","HTTP_CONNECTION":"keep-alive","HTTP_UPGRADE_INSECURE_REQUESTS":"1","CONTENT_TYPE":"application\\/x-www-form-urlencoded","CONTENT_LENGTH":"58","PATH":"C:\\\\ProgramData\\\\Oracle\\\\Java\\\\javapath;C:\\\\Windows\\\\system32;C:\\\\Windows;C:\\\\Windows\\\\System32\\\\Wbem;C:\\\\Windows\\\\System32\\\\WindowsPowerShell\\\\v1.0\\\\;C:\\\\Program Files\\\\Intel\\\\OpenCL SDK\\\\2.0\\\\bin\\\\x86;C:\\\\Program Files\\\\WinSCP3\\\\;C:\\\\Program Files\\\\Java\\\\jdk1.7.0\\\\bin;C:\\\\Program Files\\\\TortoiseSVN\\\\bin;C:\\\\Program Files\\\\apache-maven-3.3.9\\\\bin;C:\\\\Program Files\\\\apache-maven-3.3.9\\\\bin;C:\\\\Python27;C:\\\\Program Files\\\\nodejs\\\\;C:\\\\Program Files\\\\Skype\\\\Phone\\\\;","SystemRoot":"C:\\\\Windows","COMSPEC":"C:\\\\Windows\\\\system32\\\\cmd.exe","PATHEXT":".COM;.EXE;.BAT;.CMD;.VBS;.VBE;.JS;.JSE;.WSF;.WSH;.MSC","WINDIR":"C:\\\\Windows","SERVER_SIGNATURE":"<address>Apache\\/2.4.23 (Win32) OpenSSL\\/1.0.2h PHP\\/5.5.38 Server at localhost Port 80<\\/address>\\n","SERVER_SOFTWARE":"Apache\\/2.4.23 (Win32) OpenSSL\\/1.0.2h PHP\\/5.5.38","SERVER_NAME":"localhost","SERVER_ADDR":"::1","SERVER_PORT":"80","REMOTE_ADDR":"::1","DOCUMENT_ROOT":"C:\\/xampp\\/htdocs","REQUEST_SCHEME":"http","CONTEXT_PREFIX":"","CONTEXT_DOCUMENT_ROOT":"C:\\/xampp\\/htdocs","SERVER_ADMIN":"postmaster@localhost","SCRIPT_FILENAME":"C:\\/xampp\\/htdocs\\/music\\/index.php","REMOTE_PORT":"54944","GATEWAY_INTERFACE":"CGI\\/1.1","SERVER_PROTOCOL":"HTTP\\/1.1","REQUEST_METHOD":"POST","QUERY_STRING":"","REQUEST_URI":"\\/music\\/","SCRIPT_NAME":"\\/music\\/index.php","PHP_SELF":"\\/music\\/index.php","REQUEST_TIME_FLOAT":1483425129.198,"REQUEST_TIME":1483425129}', '', 1, '2017-01-03 06:32:09', '10001'),
(24, 'Login', '{"ADMIN_ID":"10001","email":null,"username":"","fname":"Digient","lname":"Guindy"}', '', '2017-01-03 07:34:12', '::1', '{"MIBDIRS":"C:\\/xampp\\/php\\/extras\\/mibs","MYSQL_HOME":"\\\\xampp\\\\mysql\\\\bin","OPENSSL_CONF":"C:\\/xampp\\/apache\\/bin\\/openssl.cnf","PHP_PEAR_SYSCONF_DIR":"\\\\xampp\\\\php","PHPRC":"\\\\xampp\\\\php","TMP":"\\\\xampp\\\\tmp","HTTP_HOST":"[::1]","HTTP_USER_AGENT":"Mozilla\\/5.0 (Windows NT 6.1; rv:50.0) Gecko\\/20100101 Firefox\\/50.0","HTTP_ACCEPT":"text\\/html,application\\/xhtml+xml,application\\/xml;q=0.9,*\\/*;q=0.8","HTTP_ACCEPT_LANGUAGE":"en-GB,en;q=0.5","HTTP_ACCEPT_ENCODING":"gzip, deflate","HTTP_REFERER":"http:\\/\\/[::1]\\/music\\/","HTTP_COOKIE":"ci_session=ldgopa4845aedkvo9a8f4imddkdi49rv","HTTP_CONNECTION":"keep-alive","HTTP_UPGRADE_INSECURE_REQUESTS":"1","CONTENT_TYPE":"application\\/x-www-form-urlencoded","CONTENT_LENGTH":"58","PATH":"C:\\\\ProgramData\\\\Oracle\\\\Java\\\\javapath;C:\\\\Windows\\\\system32;C:\\\\Windows;C:\\\\Windows\\\\System32\\\\Wbem;C:\\\\Windows\\\\System32\\\\WindowsPowerShell\\\\v1.0\\\\;C:\\\\Program Files\\\\Intel\\\\OpenCL SDK\\\\2.0\\\\bin\\\\x86;C:\\\\Program Files\\\\WinSCP3\\\\;C:\\\\Program Files\\\\Java\\\\jdk1.7.0\\\\bin;C:\\\\Program Files\\\\TortoiseSVN\\\\bin;C:\\\\Program Files\\\\apache-maven-3.3.9\\\\bin;C:\\\\Program Files\\\\apache-maven-3.3.9\\\\bin;C:\\\\Python27;C:\\\\Program Files\\\\nodejs\\\\;C:\\\\Program Files\\\\Skype\\\\Phone\\\\;","SystemRoot":"C:\\\\Windows","COMSPEC":"C:\\\\Windows\\\\system32\\\\cmd.exe","PATHEXT":".COM;.EXE;.BAT;.CMD;.VBS;.VBE;.JS;.JSE;.WSF;.WSH;.MSC","WINDIR":"C:\\\\Windows","SERVER_SIGNATURE":"<address>Apache\\/2.4.23 (Win32) OpenSSL\\/1.0.2h PHP\\/5.5.38 Server at ::1 Port 80<\\/address>\\n","SERVER_SOFTWARE":"Apache\\/2.4.23 (Win32) OpenSSL\\/1.0.2h PHP\\/5.5.38","SERVER_NAME":"[::1]","SERVER_ADDR":"::1","SERVER_PORT":"80","REMOTE_ADDR":"::1","DOCUMENT_ROOT":"C:\\/xampp\\/htdocs","REQUEST_SCHEME":"http","CONTEXT_PREFIX":"","CONTEXT_DOCUMENT_ROOT":"C:\\/xampp\\/htdocs","SERVER_ADMIN":"postmaster@localhost","SCRIPT_FILENAME":"C:\\/xampp\\/htdocs\\/music\\/index.php","REMOTE_PORT":"55013","GATEWAY_INTERFACE":"CGI\\/1.1","SERVER_PROTOCOL":"HTTP\\/1.1","REQUEST_METHOD":"POST","QUERY_STRING":"","REQUEST_URI":"\\/music\\/","SCRIPT_NAME":"\\/music\\/index.php","PHP_SELF":"\\/music\\/index.php","REQUEST_TIME_FLOAT":1483425252.654,"REQUEST_TIME":1483425252}', '', 1, '2017-01-03 06:34:12', '10001'),
(25, 'Insert', '{"artistType":"1","username":"britney spear","password":"test123","fname":"Britney","lname":"Spear","email":"muthuvel@digient.in","mobile":"989023908","location":"chennai","country":"indian","city":"chennai","artist_status":"1"}', 'index/add Registration Success', '2017-01-03 07:43:24', '::1', '{"REDIRECT_MIBDIRS":"C:\\/xampp\\/php\\/extras\\/mibs","REDIRECT_MYSQL_HOME":"\\\\xampp\\\\mysql\\\\bin","REDIRECT_OPENSSL_CONF":"C:\\/xampp\\/apache\\/bin\\/openssl.cnf","REDIRECT_PHP_PEAR_SYSCONF_DIR":"\\\\xampp\\\\php","REDIRECT_PHPRC":"\\\\xampp\\\\php","REDIRECT_TMP":"\\\\xampp\\\\tmp","REDIRECT_STATUS":"200","MIBDIRS":"C:\\/xampp\\/php\\/extras\\/mibs","MYSQL_HOME":"\\\\xampp\\\\mysql\\\\bin","OPENSSL_CONF":"C:\\/xampp\\/apache\\/bin\\/openssl.cnf","PHP_PEAR_SYSCONF_DIR":"\\\\xampp\\\\php","PHPRC":"\\\\xampp\\\\php","TMP":"\\\\xampp\\\\tmp","HTTP_HOST":"[::1]","HTTP_USER_AGENT":"Mozilla\\/5.0 (Windows NT 6.1; rv:50.0) Gecko\\/20100101 Firefox\\/50.0","HTTP_ACCEPT":"text\\/html,application\\/xhtml+xml,application\\/xml;q=0.9,*\\/*;q=0.8","HTTP_ACCEPT_LANGUAGE":"en-GB,en;q=0.5","HTTP_ACCEPT_ENCODING":"gzip, deflate","HTTP_REFERER":"http:\\/\\/[::1]\\/music\\/artist\\/index","HTTP_COOKIE":"ci_session=0qui4vesdcphgrqpekbnucpfd0trmahm","HTTP_CONNECTION":"keep-alive","HTTP_UPGRADE_INSECURE_REQUESTS":"1","CONTENT_TYPE":"multipart\\/form-data; boundary=---------------------------307053028029199","CONTENT_LENGTH":"79262","PATH":"C:\\\\ProgramData\\\\Oracle\\\\Java\\\\javapath;C:\\\\Windows\\\\system32;C:\\\\Windows;C:\\\\Windows\\\\System32\\\\Wbem;C:\\\\Windows\\\\System32\\\\WindowsPowerShell\\\\v1.0\\\\;C:\\\\Program Files\\\\Intel\\\\OpenCL SDK\\\\2.0\\\\bin\\\\x86;C:\\\\Program Files\\\\WinSCP3\\\\;C:\\\\Program Files\\\\Java\\\\jdk1.7.0\\\\bin;C:\\\\Program Files\\\\TortoiseSVN\\\\bin;C:\\\\Program Files\\\\apache-maven-3.3.9\\\\bin;C:\\\\Program Files\\\\apache-maven-3.3.9\\\\bin;C:\\\\Python27;C:\\\\Program Files\\\\nodejs\\\\;C:\\\\Program Files\\\\Skype\\\\Phone\\\\;","SystemRoot":"C:\\\\Windows","COMSPEC":"C:\\\\Windows\\\\system32\\\\cmd.exe","PATHEXT":".COM;.EXE;.BAT;.CMD;.VBS;.VBE;.JS;.JSE;.WSF;.WSH;.MSC","WINDIR":"C:\\\\Windows","SERVER_SIGNATURE":"<address>Apache\\/2.4.23 (Win32) OpenSSL\\/1.0.2h PHP\\/5.5.38 Server at ::1 Port 80<\\/address>\\n","SERVER_SOFTWARE":"Apache\\/2.4.23 (Win32) OpenSSL\\/1.0.2h PHP\\/5.5.38","SERVER_NAME":"[::1]","SERVER_ADDR":"::1","SERVER_PORT":"80","REMOTE_ADDR":"::1","DOCUMENT_ROOT":"C:\\/xampp\\/htdocs","REQUEST_SCHEME":"http","CONTEXT_PREFIX":"","CONTEXT_DOCUMENT_ROOT":"C:\\/xampp\\/htdocs","SERVER_ADMIN":"postmaster@localhost","SCRIPT_FILENAME":"C:\\/xampp\\/htdocs\\/music\\/index.php","REMOTE_PORT":"55153","REDIRECT_URL":"\\/music\\/artist\\/index\\/add","GATEWAY_INTERFACE":"CGI\\/1.1","SERVER_PROTOCOL":"HTTP\\/1.1","REQUEST_METHOD":"POST","QUERY_STRING":"","REQUEST_URI":"\\/music\\/artist\\/index\\/add","SCRIPT_NAME":"\\/music\\/index.php","PATH_INFO":"\\/artist\\/index\\/add","PATH_TRANSLATED":"C:\\\\xampp\\\\htdocs\\\\artist\\\\index\\\\add","PHP_SELF":"\\/music\\/index.php\\/artist\\/index\\/add","REQUEST_TIME_FLOAT":1483425804.59,"REQUEST_TIME":1483425804}', '', 1, '2017-01-03 06:43:24', ''),
(26, 'Insert', '{"album_name":"waga","artistId":"2","genresType":"1","moodType":"1","location":"Chennai","country":"india","city":"chennai","album_status":"1","podcastType":""}', 'index/add message=>Registration Success', '2017-01-03 07:49:29', '::1', '{"REDIRECT_MIBDIRS":"C:\\/xampp\\/php\\/extras\\/mibs","REDIRECT_MYSQL_HOME":"\\\\xampp\\\\mysql\\\\bin","REDIRECT_OPENSSL_CONF":"C:\\/xampp\\/apache\\/bin\\/openssl.cnf","REDIRECT_PHP_PEAR_SYSCONF_DIR":"\\\\xampp\\\\php","REDIRECT_PHPRC":"\\\\xampp\\\\php","REDIRECT_TMP":"\\\\xampp\\\\tmp","REDIRECT_STATUS":"200","MIBDIRS":"C:\\/xampp\\/php\\/extras\\/mibs","MYSQL_HOME":"\\\\xampp\\\\mysql\\\\bin","OPENSSL_CONF":"C:\\/xampp\\/apache\\/bin\\/openssl.cnf","PHP_PEAR_SYSCONF_DIR":"\\\\xampp\\\\php","PHPRC":"\\\\xampp\\\\php","TMP":"\\\\xampp\\\\tmp","HTTP_HOST":"[::1]","HTTP_USER_AGENT":"Mozilla\\/5.0 (Windows NT 6.1; rv:50.0) Gecko\\/20100101 Firefox\\/50.0","HTTP_ACCEPT":"text\\/html,application\\/xhtml+xml,application\\/xml;q=0.9,*\\/*;q=0.8","HTTP_ACCEPT_LANGUAGE":"en-GB,en;q=0.5","HTTP_ACCEPT_ENCODING":"gzip, deflate","HTTP_REFERER":"http:\\/\\/[::1]\\/music\\/album\\/index","HTTP_COOKIE":"ci_session=tpsvdi6gj9fu7i77mebtg4sfdel638cp","HTTP_CONNECTION":"keep-alive","HTTP_UPGRADE_INSECURE_REQUESTS":"1","CONTENT_TYPE":"multipart\\/form-data; boundary=---------------------------9661719523632","CONTENT_LENGTH":"79001","PATH":"C:\\\\ProgramData\\\\Oracle\\\\Java\\\\javapath;C:\\\\Windows\\\\system32;C:\\\\Windows;C:\\\\Windows\\\\System32\\\\Wbem;C:\\\\Windows\\\\System32\\\\WindowsPowerShell\\\\v1.0\\\\;C:\\\\Program Files\\\\Intel\\\\OpenCL SDK\\\\2.0\\\\bin\\\\x86;C:\\\\Program Files\\\\WinSCP3\\\\;C:\\\\Program Files\\\\Java\\\\jdk1.7.0\\\\bin;C:\\\\Program Files\\\\TortoiseSVN\\\\bin;C:\\\\Program Files\\\\apache-maven-3.3.9\\\\bin;C:\\\\Program Files\\\\apache-maven-3.3.9\\\\bin;C:\\\\Python27;C:\\\\Program Files\\\\nodejs\\\\;C:\\\\Program Files\\\\Skype\\\\Phone\\\\;","SystemRoot":"C:\\\\Windows","COMSPEC":"C:\\\\Windows\\\\system32\\\\cmd.exe","PATHEXT":".COM;.EXE;.BAT;.CMD;.VBS;.VBE;.JS;.JSE;.WSF;.WSH;.MSC","WINDIR":"C:\\\\Windows","SERVER_SIGNATURE":"<address>Apache\\/2.4.23 (Win32) OpenSSL\\/1.0.2h PHP\\/5.5.38 Server at ::1 Port 80<\\/address>\\n","SERVER_SOFTWARE":"Apache\\/2.4.23 (Win32) OpenSSL\\/1.0.2h PHP\\/5.5.38","SERVER_NAME":"[::1]","SERVER_ADDR":"::1","SERVER_PORT":"80","REMOTE_ADDR":"::1","DOCUMENT_ROOT":"C:\\/xampp\\/htdocs","REQUEST_SCHEME":"http","CONTEXT_PREFIX":"","CONTEXT_DOCUMENT_ROOT":"C:\\/xampp\\/htdocs","SERVER_ADMIN":"postmaster@localhost","SCRIPT_FILENAME":"C:\\/xampp\\/htdocs\\/music\\/index.php","REMOTE_PORT":"55305","REDIRECT_URL":"\\/music\\/album\\/index\\/add","GATEWAY_INTERFACE":"CGI\\/1.1","SERVER_PROTOCOL":"HTTP\\/1.1","REQUEST_METHOD":"POST","QUERY_STRING":"","REQUEST_URI":"\\/music\\/album\\/index\\/add","SCRIPT_NAME":"\\/music\\/index.php","PATH_INFO":"\\/album\\/index\\/add","PATH_TRANSLATED":"C:\\\\xampp\\\\htdocs\\\\album\\\\index\\\\add","PHP_SELF":"\\/music\\/index.php\\/album\\/index\\/add","REQUEST_TIME_FLOAT":1483426169.509,"REQUEST_TIME":1483426169}', '', 1, '2017-01-03 06:49:29', ''),
(27, 'Login', '{"ADMIN_ID":"10001","email":null,"username":"","fname":"Digient","lname":"Guindy"}', '', '2017-01-03 08:02:17', '::1', '{"REDIRECT_MIBDIRS":"C:\\/xampp\\/php\\/extras\\/mibs","REDIRECT_MYSQL_HOME":"\\\\xampp\\\\mysql\\\\bin","REDIRECT_OPENSSL_CONF":"C:\\/xampp\\/apache\\/bin\\/openssl.cnf","REDIRECT_PHP_PEAR_SYSCONF_DIR":"\\\\xampp\\\\php","REDIRECT_PHPRC":"\\\\xampp\\\\php","REDIRECT_TMP":"\\\\xampp\\\\tmp","REDIRECT_STATUS":"200","MIBDIRS":"C:\\/xampp\\/php\\/extras\\/mibs","MYSQL_HOME":"\\\\xampp\\\\mysql\\\\bin","OPENSSL_CONF":"C:\\/xampp\\/apache\\/bin\\/openssl.cnf","PHP_PEAR_SYSCONF_DIR":"\\\\xampp\\\\php","PHPRC":"\\\\xampp\\\\php","TMP":"\\\\xampp\\\\tmp","HTTP_HOST":"[::1]","HTTP_USER_AGENT":"Mozilla\\/5.0 (Windows NT 6.1; rv:50.0) Gecko\\/20100101 Firefox\\/50.0","HTTP_ACCEPT":"text\\/html,application\\/xhtml+xml,application\\/xml;q=0.9,*\\/*;q=0.8","HTTP_ACCEPT_LANGUAGE":"en-GB,en;q=0.5","HTTP_ACCEPT_ENCODING":"gzip, deflate","HTTP_REFERER":"http:\\/\\/[::1]\\/music\\/login","HTTP_COOKIE":"ci_session=touqb52aop97g6b0ho8ovn0u45a791a5","HTTP_CONNECTION":"keep-alive","HTTP_UPGRADE_INSECURE_REQUESTS":"1","CONTENT_TYPE":"application\\/x-www-form-urlencoded","CONTENT_LENGTH":"58","PATH":"C:\\\\ProgramData\\\\Oracle\\\\Java\\\\javapath;C:\\\\Windows\\\\system32;C:\\\\Windows;C:\\\\Windows\\\\System32\\\\Wbem;C:\\\\Windows\\\\System32\\\\WindowsPowerShell\\\\v1.0\\\\;C:\\\\Program Files\\\\Intel\\\\OpenCL SDK\\\\2.0\\\\bin\\\\x86;C:\\\\Program Files\\\\WinSCP3\\\\;C:\\\\Program Files\\\\Java\\\\jdk1.7.0\\\\bin;C:\\\\Program Files\\\\TortoiseSVN\\\\bin;C:\\\\Program Files\\\\apache-maven-3.3.9\\\\bin;C:\\\\Program Files\\\\apache-maven-3.3.9\\\\bin;C:\\\\Python27;C:\\\\Program Files\\\\nodejs\\\\;C:\\\\Program Files\\\\Skype\\\\Phone\\\\;","SystemRoot":"C:\\\\Windows","COMSPEC":"C:\\\\Windows\\\\system32\\\\cmd.exe","PATHEXT":".COM;.EXE;.BAT;.CMD;.VBS;.VBE;.JS;.JSE;.WSF;.WSH;.MSC","WINDIR":"C:\\\\Windows","SERVER_SIGNATURE":"<address>Apache\\/2.4.23 (Win32) OpenSSL\\/1.0.2h PHP\\/5.5.38 Server at ::1 Port 80<\\/address>\\n","SERVER_SOFTWARE":"Apache\\/2.4.23 (Win32) OpenSSL\\/1.0.2h PHP\\/5.5.38","SERVER_NAME":"[::1]","SERVER_ADDR":"::1","SERVER_PORT":"80","REMOTE_ADDR":"::1","DOCUMENT_ROOT":"C:\\/xampp\\/htdocs","REQUEST_SCHEME":"http","CONTEXT_PREFIX":"","CONTEXT_DOCUMENT_ROOT":"C:\\/xampp\\/htdocs","SERVER_ADMIN":"postmaster@localhost","SCRIPT_FILENAME":"C:\\/xampp\\/htdocs\\/music\\/index.php","REMOTE_PORT":"55497","REDIRECT_URL":"\\/music\\/login","GATEWAY_INTERFACE":"CGI\\/1.1","SERVER_PROTOCOL":"HTTP\\/1.1","REQUEST_METHOD":"POST","QUERY_STRING":"","REQUEST_URI":"\\/music\\/login","SCRIPT_NAME":"\\/music\\/index.php","PATH_INFO":"\\/login","PATH_TRANSLATED":"C:\\\\xampp\\\\htdocs\\\\login","PHP_SELF":"\\/music\\/index.php\\/login","REQUEST_TIME_FLOAT":1483426937.342,"REQUEST_TIME":1483426937}', '', 1, '2017-01-03 07:02:17', '10001'),
(28, 'Insert', '{"artistType":"1","username":"dsd","password":"wewer","fname":"dfds","lname":"fdsfds","email":"dfasd@sdasd.fd","mobile":"75445645","location":"fgdfg","country":"fdgdf","city":"gdfdf","artist_status":"1"}', 'index/add Registration Success', '2017-01-03 08:28:52', '::1', '{"REDIRECT_MIBDIRS":"C:\\/xampp\\/php\\/extras\\/mibs","REDIRECT_MYSQL_HOME":"\\\\xampp\\\\mysql\\\\bin","REDIRECT_OPENSSL_CONF":"C:\\/xampp\\/apache\\/bin\\/openssl.cnf","REDIRECT_PHP_PEAR_SYSCONF_DIR":"\\\\xampp\\\\php","REDIRECT_PHPRC":"\\\\xampp\\\\php","REDIRECT_TMP":"\\\\xampp\\\\tmp","REDIRECT_STATUS":"200","MIBDIRS":"C:\\/xampp\\/php\\/extras\\/mibs","MYSQL_HOME":"\\\\xampp\\\\mysql\\\\bin","OPENSSL_CONF":"C:\\/xampp\\/apache\\/bin\\/openssl.cnf","PHP_PEAR_SYSCONF_DIR":"\\\\xampp\\\\php","PHPRC":"\\\\xampp\\\\php","TMP":"\\\\xampp\\\\tmp","HTTP_HOST":"[::1]","HTTP_USER_AGENT":"Mozilla\\/5.0 (Windows NT 6.1; rv:50.0) Gecko\\/20100101 Firefox\\/50.0","HTTP_ACCEPT":"text\\/html,application\\/xhtml+xml,application\\/xml;q=0.9,*\\/*;q=0.8","HTTP_ACCEPT_LANGUAGE":"en-GB,en;q=0.5","HTTP_ACCEPT_ENCODING":"gzip, deflate","HTTP_REFERER":"http:\\/\\/[::1]\\/music\\/artist\\/index","HTTP_COOKIE":"ci_session=oid1ng8e1cq83scbmbee4ahqifagq66j","HTTP_CONNECTION":"keep-alive","HTTP_UPGRADE_INSECURE_REQUESTS":"1","CONTENT_TYPE":"multipart\\/form-data; boundary=---------------------------112781836732412","CONTENT_LENGTH":"79237","PATH":"C:\\\\ProgramData\\\\Oracle\\\\Java\\\\javapath;C:\\\\Windows\\\\system32;C:\\\\Windows;C:\\\\Windows\\\\System32\\\\Wbem;C:\\\\Windows\\\\System32\\\\WindowsPowerShell\\\\v1.0\\\\;C:\\\\Program Files\\\\Intel\\\\OpenCL SDK\\\\2.0\\\\bin\\\\x86;C:\\\\Program Files\\\\WinSCP3\\\\;C:\\\\Program Files\\\\Java\\\\jdk1.7.0\\\\bin;C:\\\\Program Files\\\\TortoiseSVN\\\\bin;C:\\\\Program Files\\\\apache-maven-3.3.9\\\\bin;C:\\\\Program Files\\\\apache-maven-3.3.9\\\\bin;C:\\\\Python27;C:\\\\Program Files\\\\nodejs\\\\;C:\\\\Program Files\\\\Skype\\\\Phone\\\\;","SystemRoot":"C:\\\\Windows","COMSPEC":"C:\\\\Windows\\\\system32\\\\cmd.exe","PATHEXT":".COM;.EXE;.BAT;.CMD;.VBS;.VBE;.JS;.JSE;.WSF;.WSH;.MSC","WINDIR":"C:\\\\Windows","SERVER_SIGNATURE":"<address>Apache\\/2.4.23 (Win32) OpenSSL\\/1.0.2h PHP\\/5.5.38 Server at ::1 Port 80<\\/address>\\n","SERVER_SOFTWARE":"Apache\\/2.4.23 (Win32) OpenSSL\\/1.0.2h PHP\\/5.5.38","SERVER_NAME":"[::1]","SERVER_ADDR":"::1","SERVER_PORT":"80","REMOTE_ADDR":"::1","DOCUMENT_ROOT":"C:\\/xampp\\/htdocs","REQUEST_SCHEME":"http","CONTEXT_PREFIX":"","CONTEXT_DOCUMENT_ROOT":"C:\\/xampp\\/htdocs","SERVER_ADMIN":"postmaster@localhost","SCRIPT_FILENAME":"C:\\/xampp\\/htdocs\\/music\\/index.php","REMOTE_PORT":"55934","REDIRECT_URL":"\\/music\\/artist\\/index\\/add","GATEWAY_INTERFACE":"CGI\\/1.1","SERVER_PROTOCOL":"HTTP\\/1.1","REQUEST_METHOD":"POST","QUERY_STRING":"","REQUEST_URI":"\\/music\\/artist\\/index\\/add","SCRIPT_NAME":"\\/music\\/index.php","PATH_INFO":"\\/artist\\/index\\/add","PATH_TRANSLATED":"C:\\\\xampp\\\\htdocs\\\\artist\\\\index\\\\add","PHP_SELF":"\\/music\\/index.php\\/artist\\/index\\/add","REQUEST_TIME_FLOAT":1483428531.976,"REQUEST_TIME":1483428531}', '', 1, '2017-01-03 07:28:52', ''),
(29, 'Insert', '{"song_name":"welcome2017","albumId":"3","genresType":"1","moodType":"2","song_amt":"1000","percentage":"10","location":"india","country":"chennai","city":"india","song_status":"1","podcast":"on","podcastType":"1","artistType":{"1":"","2":"","3":"","4":"","5":""},"artistList":{"1":"","2":"","3":"","4":"","5":""},"percenteage":{"1":"","2":"","3":"","4":"","5":""}}', 'index/add Registration Success', '2017-01-03 11:09:42', '::1', '{"REDIRECT_MIBDIRS":"C:\\/xampp\\/php\\/extras\\/mibs","REDIRECT_MYSQL_HOME":"\\\\xampp\\\\mysql\\\\bin","REDIRECT_OPENSSL_CONF":"C:\\/xampp\\/apache\\/bin\\/openssl.cnf","REDIRECT_PHP_PEAR_SYSCONF_DIR":"\\\\xampp\\\\php","REDIRECT_PHPRC":"\\\\xampp\\\\php","REDIRECT_TMP":"\\\\xampp\\\\tmp","REDIRECT_STATUS":"200","MIBDIRS":"C:\\/xampp\\/php\\/extras\\/mibs","MYSQL_HOME":"\\\\xampp\\\\mysql\\\\bin","OPENSSL_CONF":"C:\\/xampp\\/apache\\/bin\\/openssl.cnf","PHP_PEAR_SYSCONF_DIR":"\\\\xampp\\\\php","PHPRC":"\\\\xampp\\\\php","TMP":"\\\\xampp\\\\tmp","HTTP_HOST":"[::1]","HTTP_USER_AGENT":"Mozilla\\/5.0 (Windows NT 6.1; rv:50.0) Gecko\\/20100101 Firefox\\/50.0","HTTP_ACCEPT":"text\\/html,application\\/xhtml+xml,application\\/xml;q=0.9,*\\/*;q=0.8","HTTP_ACCEPT_LANGUAGE":"en-GB,en;q=0.5","HTTP_ACCEPT_ENCODING":"gzip, deflate","HTTP_REFERER":"http:\\/\\/[::1]\\/music\\/song\\/index","HTTP_COOKIE":"ci_session=91u44u36g96gl5bbgmicoa4au5ime2kr","HTTP_CONNECTION":"keep-alive","HTTP_UPGRADE_INSECURE_REQUESTS":"1","CONTENT_TYPE":"multipart\\/form-data; boundary=---------------------------14782294575909","CONTENT_LENGTH":"80868","PATH":"C:\\\\ProgramData\\\\Oracle\\\\Java\\\\javapath;C:\\\\Windows\\\\system32;C:\\\\Windows;C:\\\\Windows\\\\System32\\\\Wbem;C:\\\\Windows\\\\System32\\\\WindowsPowerShell\\\\v1.0\\\\;C:\\\\Program Files\\\\Intel\\\\OpenCL SDK\\\\2.0\\\\bin\\\\x86;C:\\\\Program Files\\\\WinSCP3\\\\;C:\\\\Program Files\\\\Java\\\\jdk1.7.0\\\\bin;C:\\\\Program Files\\\\TortoiseSVN\\\\bin;C:\\\\Program Files\\\\apache-maven-3.3.9\\\\bin;C:\\\\Program Files\\\\apache-maven-3.3.9\\\\bin;C:\\\\Python27;C:\\\\Program Files\\\\nodejs\\\\;C:\\\\Program Files\\\\Skype\\\\Phone\\\\;","SystemRoot":"C:\\\\Windows","COMSPEC":"C:\\\\Windows\\\\system32\\\\cmd.exe","PATHEXT":".COM;.EXE;.BAT;.CMD;.VBS;.VBE;.JS;.JSE;.WSF;.WSH;.MSC","WINDIR":"C:\\\\Windows","SERVER_SIGNATURE":"<address>Apache\\/2.4.23 (Win32) OpenSSL\\/1.0.2h PHP\\/5.5.38 Server at ::1 Port 80<\\/address>\\n","SERVER_SOFTWARE":"Apache\\/2.4.23 (Win32) OpenSSL\\/1.0.2h PHP\\/5.5.38","SERVER_NAME":"[::1]","SERVER_ADDR":"::1","SERVER_PORT":"80","REMOTE_ADDR":"::1","DOCUMENT_ROOT":"C:\\/xampp\\/htdocs","REQUEST_SCHEME":"http","CONTEXT_PREFIX":"","CONTEXT_DOCUMENT_ROOT":"C:\\/xampp\\/htdocs","SERVER_ADMIN":"postmaster@localhost","SCRIPT_FILENAME":"C:\\/xampp\\/htdocs\\/music\\/index.php","REMOTE_PORT":"58838","REDIRECT_URL":"\\/music\\/song\\/index\\/add","GATEWAY_INTERFACE":"CGI\\/1.1","SERVER_PROTOCOL":"HTTP\\/1.1","REQUEST_METHOD":"POST","QUERY_STRING":"","REQUEST_URI":"\\/music\\/song\\/index\\/add","SCRIPT_NAME":"\\/music\\/index.php","PATH_INFO":"\\/song\\/index\\/add","PATH_TRANSLATED":"C:\\\\xampp\\\\htdocs\\\\song\\\\index\\\\add","PHP_SELF":"\\/music\\/index.php\\/song\\/index\\/add","REQUEST_TIME_FLOAT":1483438182.632,"REQUEST_TIME":1483438182}', '', 1, '2017-01-03 10:09:42', ''),
(30, 'Login', '{"ADMIN_ID":"10001","email":null,"username":"","fname":"Digient","lname":"Guindy"}', '', '2017-01-03 11:26:04', '::1', '{"MIBDIRS":"C:\\/xampp\\/php\\/extras\\/mibs","MYSQL_HOME":"\\\\xampp\\\\mysql\\\\bin","OPENSSL_CONF":"C:\\/xampp\\/apache\\/bin\\/openssl.cnf","PHP_PEAR_SYSCONF_DIR":"\\\\xampp\\\\php","PHPRC":"\\\\xampp\\\\php","TMP":"\\\\xampp\\\\tmp","HTTP_HOST":"[::1]","HTTP_CONNECTION":"keep-alive","CONTENT_LENGTH":"58","HTTP_CACHE_CONTROL":"max-age=0","HTTP_ORIGIN":"http:\\/\\/[::1]","HTTP_UPGRADE_INSECURE_REQUESTS":"1","HTTP_USER_AGENT":"Mozilla\\/5.0 (Windows NT 6.1) AppleWebKit\\/537.36 (KHTML, like Gecko) Chrome\\/55.0.2883.87 Safari\\/537.36","CONTENT_TYPE":"application\\/x-www-form-urlencoded","HTTP_ACCEPT":"text\\/html,application\\/xhtml+xml,application\\/xml;q=0.9,image\\/webp,*\\/*;q=0.8","HTTP_REFERER":"http:\\/\\/[::1]\\/music\\/","HTTP_ACCEPT_ENCODING":"gzip, deflate, br","HTTP_ACCEPT_LANGUAGE":"en-GB,en-US;q=0.8,en;q=0.6","HTTP_COOKIE":"ci_session=5f59l4dksdc4tnfac462gjn8vceklsap","PATH":"C:\\\\ProgramData\\\\Oracle\\\\Java\\\\javapath;C:\\\\Windows\\\\system32;C:\\\\Windows;C:\\\\Windows\\\\System32\\\\Wbem;C:\\\\Windows\\\\System32\\\\WindowsPowerShell\\\\v1.0\\\\;C:\\\\Program Files\\\\Intel\\\\OpenCL SDK\\\\2.0\\\\bin\\\\x86;C:\\\\Program Files\\\\WinSCP3\\\\;C:\\\\Program Files\\\\Java\\\\jdk1.7.0\\\\bin;C:\\\\Program Files\\\\TortoiseSVN\\\\bin;C:\\\\Program Files\\\\apache-maven-3.3.9\\\\bin;C:\\\\Program Files\\\\apache-maven-3.3.9\\\\bin;C:\\\\Python27;C:\\\\Program Files\\\\nodejs\\\\;C:\\\\Program Files\\\\Skype\\\\Phone\\\\;","SystemRoot":"C:\\\\Windows","COMSPEC":"C:\\\\Windows\\\\system32\\\\cmd.exe","PATHEXT":".COM;.EXE;.BAT;.CMD;.VBS;.VBE;.JS;.JSE;.WSF;.WSH;.MSC","WINDIR":"C:\\\\Windows","SERVER_SIGNATURE":"<address>Apache\\/2.4.23 (Win32) OpenSSL\\/1.0.2h PHP\\/5.5.38 Server at ::1 Port 80<\\/address>\\n","SERVER_SOFTWARE":"Apache\\/2.4.23 (Win32) OpenSSL\\/1.0.2h PHP\\/5.5.38","SERVER_NAME":"[::1]","SERVER_ADDR":"::1","SERVER_PORT":"80","REMOTE_ADDR":"::1","DOCUMENT_ROOT":"C:\\/xampp\\/htdocs","REQUEST_SCHEME":"http","CONTEXT_PREFIX":"","CONTEXT_DOCUMENT_ROOT":"C:\\/xampp\\/htdocs","SERVER_ADMIN":"postmaster@localhost","SCRIPT_FILENAME":"C:\\/xampp\\/htdocs\\/music\\/index.php","REMOTE_PORT":"59154","GATEWAY_INTERFACE":"CGI\\/1.1","SERVER_PROTOCOL":"HTTP\\/1.1","REQUEST_METHOD":"POST","QUERY_STRING":"","REQUEST_URI":"\\/music\\/","SCRIPT_NAME":"\\/music\\/index.php","PHP_SELF":"\\/music\\/index.php","REQUEST_TIME_FLOAT":1483439164.436,"REQUEST_TIME":1483439164}', '', 1, '2017-01-03 10:26:04', '10001'),
(31, 'Update', '{"username":"muthu7","old_username":"muthu7","password":"","old_password":"40be4e59b9a2a2b5dffb918c0e86b3d7","email":"muthu7@digient.com","old_email":"muthu7@digient.com","dob":"15-03-1989","old_dob":"15-03-1989","gender":"1","old_gender":"1","mobile":"905454545","old_mobile":"0","user_status":"1","old_status":"1"}', 'account/edit Update Success', '2017-01-03 11:48:24', '::1', '{"REDIRECT_MIBDIRS":"C:\\/xampp\\/php\\/extras\\/mibs","REDIRECT_MYSQL_HOME":"\\\\xampp\\\\mysql\\\\bin","REDIRECT_OPENSSL_CONF":"C:\\/xampp\\/apache\\/bin\\/openssl.cnf","REDIRECT_PHP_PEAR_SYSCONF_DIR":"\\\\xampp\\\\php","REDIRECT_PHPRC":"\\\\xampp\\\\php","REDIRECT_TMP":"\\\\xampp\\\\tmp","REDIRECT_STATUS":"200","MIBDIRS":"C:\\/xampp\\/php\\/extras\\/mibs","MYSQL_HOME":"\\\\xampp\\\\mysql\\\\bin","OPENSSL_CONF":"C:\\/xampp\\/apache\\/bin\\/openssl.cnf","PHP_PEAR_SYSCONF_DIR":"\\\\xampp\\\\php","PHPRC":"\\\\xampp\\\\php","TMP":"\\\\xampp\\\\tmp","HTTP_HOST":"[::1]","HTTP_USER_AGENT":"Mozilla\\/5.0 (Windows NT 6.1; rv:50.0) Gecko\\/20100101 Firefox\\/50.0","HTTP_ACCEPT":"text\\/html,application\\/xhtml+xml,application\\/xml;q=0.9,*\\/*;q=0.8","HTTP_ACCEPT_LANGUAGE":"en-GB,en;q=0.5","HTTP_ACCEPT_ENCODING":"gzip, deflate","HTTP_REFERER":"http:\\/\\/[::1]\\/music\\/user\\/account\\/edit_user\\/12","HTTP_COOKIE":"ci_session=v9j7b2261ur38f0pkt6fpsifbhvi7bbf","HTTP_CONNECTION":"keep-alive","HTTP_UPGRADE_INSECURE_REQUESTS":"1","CONTENT_TYPE":"multipart\\/form-data; boundary=---------------------------8246646662","CONTENT_LENGTH":"1478","PATH":"C:\\\\ProgramData\\\\Oracle\\\\Java\\\\javapath;C:\\\\Windows\\\\system32;C:\\\\Windows;C:\\\\Windows\\\\System32\\\\Wbem;C:\\\\Windows\\\\System32\\\\WindowsPowerShell\\\\v1.0\\\\;C:\\\\Program Files\\\\Intel\\\\OpenCL SDK\\\\2.0\\\\bin\\\\x86;C:\\\\Program Files\\\\WinSCP3\\\\;C:\\\\Program Files\\\\Java\\\\jdk1.7.0\\\\bin;C:\\\\Program Files\\\\TortoiseSVN\\\\bin;C:\\\\Program Files\\\\apache-maven-3.3.9\\\\bin;C:\\\\Program Files\\\\apache-maven-3.3.9\\\\bin;C:\\\\Python27;C:\\\\Program Files\\\\nodejs\\\\;C:\\\\Program Files\\\\Skype\\\\Phone\\\\;","SystemRoot":"C:\\\\Windows","COMSPEC":"C:\\\\Windows\\\\system32\\\\cmd.exe","PATHEXT":".COM;.EXE;.BAT;.CMD;.VBS;.VBE;.JS;.JSE;.WSF;.WSH;.MSC","WINDIR":"C:\\\\Windows","SERVER_SIGNATURE":"<address>Apache\\/2.4.23 (Win32) OpenSSL\\/1.0.2h PHP\\/5.5.38 Server at ::1 Port 80<\\/address>\\n","SERVER_SOFTWARE":"Apache\\/2.4.23 (Win32) OpenSSL\\/1.0.2h PHP\\/5.5.38","SERVER_NAME":"[::1]","SERVER_ADDR":"::1","SERVER_PORT":"80","REMOTE_ADDR":"::1","DOCUMENT_ROOT":"C:\\/xampp\\/htdocs","REQUEST_SCHEME":"http","CONTEXT_PREFIX":"","CONTEXT_DOCUMENT_ROOT":"C:\\/xampp\\/htdocs","SERVER_ADMIN":"postmaster@localhost","SCRIPT_FILENAME":"C:\\/xampp\\/htdocs\\/music\\/index.php","REMOTE_PORT":"59585","REDIRECT_URL":"\\/music\\/user\\/account\\/edit\\/12","GATEWAY_INTERFACE":"CGI\\/1.1","SERVER_PROTOCOL":"HTTP\\/1.1","REQUEST_METHOD":"POST","QUERY_STRING":"","REQUEST_URI":"\\/music\\/user\\/account\\/edit\\/12","SCRIPT_NAME":"\\/music\\/index.php","PATH_INFO":"\\/user\\/account\\/edit\\/12","PATH_TRANSLATED":"C:\\\\xampp\\\\htdocs\\\\user\\\\account\\\\edit\\\\12","PHP_SELF":"\\/music\\/index.php\\/user\\/account\\/edit\\/12","REQUEST_TIME_FLOAT":1483440504.684,"REQUEST_TIME":1483440504}', '', 0, '2017-01-03 10:48:24', ''),
(32, 'Update', '{"album_name":"blackSUMMERS","old_name":"blackSUMMERS","old_logo":"blackSUMMERS.png","artistId":"1","old_artistId":"1","genresType":"1","old_genresType":"1","moodType":"1","old_moodType":"1","location":"chennai","old_location":"chennai","country":"india","old_country":"india","city":"chennai","old_city":"chennai","album_status":"1","old_status":"1","podcastType":""}', 'index/editUpdate Success', '2017-01-03 11:49:22', '::1', '{"REDIRECT_MIBDIRS":"C:\\/xampp\\/php\\/extras\\/mibs","REDIRECT_MYSQL_HOME":"\\\\xampp\\\\mysql\\\\bin","REDIRECT_OPENSSL_CONF":"C:\\/xampp\\/apache\\/bin\\/openssl.cnf","REDIRECT_PHP_PEAR_SYSCONF_DIR":"\\\\xampp\\\\php","REDIRECT_PHPRC":"\\\\xampp\\\\php","REDIRECT_TMP":"\\\\xampp\\\\tmp","REDIRECT_STATUS":"200","MIBDIRS":"C:\\/xampp\\/php\\/extras\\/mibs","MYSQL_HOME":"\\\\xampp\\\\mysql\\\\bin","OPENSSL_CONF":"C:\\/xampp\\/apache\\/bin\\/openssl.cnf","PHP_PEAR_SYSCONF_DIR":"\\\\xampp\\\\php","PHPRC":"\\\\xampp\\\\php","TMP":"\\\\xampp\\\\tmp","HTTP_HOST":"[::1]","HTTP_USER_AGENT":"Mozilla\\/5.0 (Windows NT 6.1; rv:50.0) Gecko\\/20100101 Firefox\\/50.0","HTTP_ACCEPT":"text\\/html,application\\/xhtml+xml,application\\/xml;q=0.9,*\\/*;q=0.8","HTTP_ACCEPT_LANGUAGE":"en-GB,en;q=0.5","HTTP_ACCEPT_ENCODING":"gzip, deflate","HTTP_REFERER":"http:\\/\\/[::1]\\/music\\/album\\/index\\/edit_album\\/1","HTTP_COOKIE":"ci_session=h0lbh3ump6n7eei09nupck10f17egikc","HTTP_CONNECTION":"keep-alive","HTTP_UPGRADE_INSECURE_REQUESTS":"1","CONTENT_TYPE":"multipart\\/form-data; boundary=---------------------------31515398422675","CONTENT_LENGTH":"2073","PATH":"C:\\\\ProgramData\\\\Oracle\\\\Java\\\\javapath;C:\\\\Windows\\\\system32;C:\\\\Windows;C:\\\\Windows\\\\System32\\\\Wbem;C:\\\\Windows\\\\System32\\\\WindowsPowerShell\\\\v1.0\\\\;C:\\\\Program Files\\\\Intel\\\\OpenCL SDK\\\\2.0\\\\bin\\\\x86;C:\\\\Program Files\\\\WinSCP3\\\\;C:\\\\Program Files\\\\Java\\\\jdk1.7.0\\\\bin;C:\\\\Program Files\\\\TortoiseSVN\\\\bin;C:\\\\Program Files\\\\apache-maven-3.3.9\\\\bin;C:\\\\Program Files\\\\apache-maven-3.3.9\\\\bin;C:\\\\Python27;C:\\\\Program Files\\\\nodejs\\\\;C:\\\\Program Files\\\\Skype\\\\Phone\\\\;","SystemRoot":"C:\\\\Windows","COMSPEC":"C:\\\\Windows\\\\system32\\\\cmd.exe","PATHEXT":".COM;.EXE;.BAT;.CMD;.VBS;.VBE;.JS;.JSE;.WSF;.WSH;.MSC","WINDIR":"C:\\\\Windows","SERVER_SIGNATURE":"<address>Apache\\/2.4.23 (Win32) OpenSSL\\/1.0.2h PHP\\/5.5.38 Server at ::1 Port 80<\\/address>\\n","SERVER_SOFTWARE":"Apache\\/2.4.23 (Win32) OpenSSL\\/1.0.2h PHP\\/5.5.38","SERVER_NAME":"[::1]","SERVER_ADDR":"::1","SERVER_PORT":"80","REMOTE_ADDR":"::1","DOCUMENT_ROOT":"C:\\/xampp\\/htdocs","REQUEST_SCHEME":"http","CONTEXT_PREFIX":"","CONTEXT_DOCUMENT_ROOT":"C:\\/xampp\\/htdocs","SERVER_ADMIN":"postmaster@localhost","SCRIPT_FILENAME":"C:\\/xampp\\/htdocs\\/music\\/index.php","REMOTE_PORT":"59609","REDIRECT_URL":"\\/music\\/album\\/index\\/edit\\/1","GATEWAY_INTERFACE":"CGI\\/1.1","SERVER_PROTOCOL":"HTTP\\/1.1","REQUEST_METHOD":"POST","QUERY_STRING":"","REQUEST_URI":"\\/music\\/album\\/index\\/edit\\/1","SCRIPT_NAME":"\\/music\\/index.php","PATH_INFO":"\\/album\\/index\\/edit\\/1","PATH_TRANSLATED":"C:\\\\xampp\\\\htdocs\\\\album\\\\index\\\\edit\\\\1","PHP_SELF":"\\/music\\/index.php\\/album\\/index\\/edit\\/1","REQUEST_TIME_FLOAT":1483440561.958,"REQUEST_TIME":1483440561}', '', 1, '2017-01-03 10:49:22', '');
INSERT INTO `activity_tracking` (`ACTIVITY_ID`, `ACTIVITY_ACTION`, `ACTIVITY_DATA`, `ACTIVITY_DATA1`, `ACTIVITY_DATE`, `SYSTEM_IP`, `SYSTEM_INFO`, `SYSTEM_MAC`, `STATUS`, `ACTIVITY_UPDATED_ON`, `ACTIVITY_BY`) VALUES
(33, 'Update', '{"artistType":"1","old_artistType":"1","username":"AR Rahman","old_username":"AR Rahman","password":"","old_password":"cc03e747a6afbbcbf8be7668acfebee5","fname":"AR","old_fname":"AR","lname":"AR Rahman","old_lname":"AR Rahman","email":"rahaman@digient.in","old_email":"rahaman@digient.in","mobile":"2147483647","old_mobile":"2147483647","old_image":"","location":"vdff","old_location":"vdff","country":"dfdfdf","old_country":"dfdfdf","city":"dfdfdf","old_city":"dfdfdf","artist_status":"1","old_status":"1"}', 'index/edit Update Success', '2017-01-03 11:49:43', '::1', '{"REDIRECT_MIBDIRS":"C:\\/xampp\\/php\\/extras\\/mibs","REDIRECT_MYSQL_HOME":"\\\\xampp\\\\mysql\\\\bin","REDIRECT_OPENSSL_CONF":"C:\\/xampp\\/apache\\/bin\\/openssl.cnf","REDIRECT_PHP_PEAR_SYSCONF_DIR":"\\\\xampp\\\\php","REDIRECT_PHPRC":"\\\\xampp\\\\php","REDIRECT_TMP":"\\\\xampp\\\\tmp","REDIRECT_STATUS":"200","MIBDIRS":"C:\\/xampp\\/php\\/extras\\/mibs","MYSQL_HOME":"\\\\xampp\\\\mysql\\\\bin","OPENSSL_CONF":"C:\\/xampp\\/apache\\/bin\\/openssl.cnf","PHP_PEAR_SYSCONF_DIR":"\\\\xampp\\\\php","PHPRC":"\\\\xampp\\\\php","TMP":"\\\\xampp\\\\tmp","HTTP_HOST":"[::1]","HTTP_USER_AGENT":"Mozilla\\/5.0 (Windows NT 6.1; rv:50.0) Gecko\\/20100101 Firefox\\/50.0","HTTP_ACCEPT":"text\\/html,application\\/xhtml+xml,application\\/xml;q=0.9,*\\/*;q=0.8","HTTP_ACCEPT_LANGUAGE":"en-GB,en;q=0.5","HTTP_ACCEPT_ENCODING":"gzip, deflate","HTTP_REFERER":"http:\\/\\/[::1]\\/music\\/artist\\/index\\/edit_artist\\/2","HTTP_COOKIE":"ci_session=h0lbh3ump6n7eei09nupck10f17egikc","HTTP_CONNECTION":"keep-alive","HTTP_UPGRADE_INSECURE_REQUESTS":"1","CONTENT_TYPE":"multipart\\/form-data; boundary=---------------------------105221453014909","CONTENT_LENGTH":"2658","PATH":"C:\\\\ProgramData\\\\Oracle\\\\Java\\\\javapath;C:\\\\Windows\\\\system32;C:\\\\Windows;C:\\\\Windows\\\\System32\\\\Wbem;C:\\\\Windows\\\\System32\\\\WindowsPowerShell\\\\v1.0\\\\;C:\\\\Program Files\\\\Intel\\\\OpenCL SDK\\\\2.0\\\\bin\\\\x86;C:\\\\Program Files\\\\WinSCP3\\\\;C:\\\\Program Files\\\\Java\\\\jdk1.7.0\\\\bin;C:\\\\Program Files\\\\TortoiseSVN\\\\bin;C:\\\\Program Files\\\\apache-maven-3.3.9\\\\bin;C:\\\\Program Files\\\\apache-maven-3.3.9\\\\bin;C:\\\\Python27;C:\\\\Program Files\\\\nodejs\\\\;C:\\\\Program Files\\\\Skype\\\\Phone\\\\;","SystemRoot":"C:\\\\Windows","COMSPEC":"C:\\\\Windows\\\\system32\\\\cmd.exe","PATHEXT":".COM;.EXE;.BAT;.CMD;.VBS;.VBE;.JS;.JSE;.WSF;.WSH;.MSC","WINDIR":"C:\\\\Windows","SERVER_SIGNATURE":"<address>Apache\\/2.4.23 (Win32) OpenSSL\\/1.0.2h PHP\\/5.5.38 Server at ::1 Port 80<\\/address>\\n","SERVER_SOFTWARE":"Apache\\/2.4.23 (Win32) OpenSSL\\/1.0.2h PHP\\/5.5.38","SERVER_NAME":"[::1]","SERVER_ADDR":"::1","SERVER_PORT":"80","REMOTE_ADDR":"::1","DOCUMENT_ROOT":"C:\\/xampp\\/htdocs","REQUEST_SCHEME":"http","CONTEXT_PREFIX":"","CONTEXT_DOCUMENT_ROOT":"C:\\/xampp\\/htdocs","SERVER_ADMIN":"postmaster@localhost","SCRIPT_FILENAME":"C:\\/xampp\\/htdocs\\/music\\/index.php","REMOTE_PORT":"59622","REDIRECT_URL":"\\/music\\/artist\\/index\\/edit\\/2","GATEWAY_INTERFACE":"CGI\\/1.1","SERVER_PROTOCOL":"HTTP\\/1.1","REQUEST_METHOD":"POST","QUERY_STRING":"","REQUEST_URI":"\\/music\\/artist\\/index\\/edit\\/2","SCRIPT_NAME":"\\/music\\/index.php","PATH_INFO":"\\/artist\\/index\\/edit\\/2","PATH_TRANSLATED":"C:\\\\xampp\\\\htdocs\\\\artist\\\\index\\\\edit\\\\2","PHP_SELF":"\\/music\\/index.php\\/artist\\/index\\/edit\\/2","REQUEST_TIME_FLOAT":1483440583.811,"REQUEST_TIME":1483440583}', '', 1, '2017-01-03 10:49:43', ''),
(34, 'Update', '{"username":"muthu7","old_username":"muthu7","password":"","old_password":"40be4e59b9a2a2b5dffb918c0e86b3d7","email":"muthu7@digient.com","old_email":"muthu7@digient.com","dob":"15-03-1989","old_dob":"15-03-1989","gender":"1","old_gender":"1","mobile":"905454545","old_mobile":"905454545","user_status":"1","old_status":"1"}', 'account/edit Update Success', '2017-01-03 11:50:45', '::1', '{"REDIRECT_MIBDIRS":"C:\\/xampp\\/php\\/extras\\/mibs","REDIRECT_MYSQL_HOME":"\\\\xampp\\\\mysql\\\\bin","REDIRECT_OPENSSL_CONF":"C:\\/xampp\\/apache\\/bin\\/openssl.cnf","REDIRECT_PHP_PEAR_SYSCONF_DIR":"\\\\xampp\\\\php","REDIRECT_PHPRC":"\\\\xampp\\\\php","REDIRECT_TMP":"\\\\xampp\\\\tmp","REDIRECT_STATUS":"200","MIBDIRS":"C:\\/xampp\\/php\\/extras\\/mibs","MYSQL_HOME":"\\\\xampp\\\\mysql\\\\bin","OPENSSL_CONF":"C:\\/xampp\\/apache\\/bin\\/openssl.cnf","PHP_PEAR_SYSCONF_DIR":"\\\\xampp\\\\php","PHPRC":"\\\\xampp\\\\php","TMP":"\\\\xampp\\\\tmp","HTTP_HOST":"[::1]","HTTP_USER_AGENT":"Mozilla\\/5.0 (Windows NT 6.1; rv:50.0) Gecko\\/20100101 Firefox\\/50.0","HTTP_ACCEPT":"text\\/html,application\\/xhtml+xml,application\\/xml;q=0.9,*\\/*;q=0.8","HTTP_ACCEPT_LANGUAGE":"en-GB,en;q=0.5","HTTP_ACCEPT_ENCODING":"gzip, deflate","HTTP_REFERER":"http:\\/\\/[::1]\\/music\\/user\\/account\\/edit_user\\/12","HTTP_COOKIE":"ci_session=h0lbh3ump6n7eei09nupck10f17egikc","HTTP_CONNECTION":"keep-alive","HTTP_UPGRADE_INSECURE_REQUESTS":"1","CONTENT_TYPE":"multipart\\/form-data; boundary=---------------------------184071594715333","CONTENT_LENGTH":"1561","PATH":"C:\\\\ProgramData\\\\Oracle\\\\Java\\\\javapath;C:\\\\Windows\\\\system32;C:\\\\Windows;C:\\\\Windows\\\\System32\\\\Wbem;C:\\\\Windows\\\\System32\\\\WindowsPowerShell\\\\v1.0\\\\;C:\\\\Program Files\\\\Intel\\\\OpenCL SDK\\\\2.0\\\\bin\\\\x86;C:\\\\Program Files\\\\WinSCP3\\\\;C:\\\\Program Files\\\\Java\\\\jdk1.7.0\\\\bin;C:\\\\Program Files\\\\TortoiseSVN\\\\bin;C:\\\\Program Files\\\\apache-maven-3.3.9\\\\bin;C:\\\\Program Files\\\\apache-maven-3.3.9\\\\bin;C:\\\\Python27;C:\\\\Program Files\\\\nodejs\\\\;C:\\\\Program Files\\\\Skype\\\\Phone\\\\;","SystemRoot":"C:\\\\Windows","COMSPEC":"C:\\\\Windows\\\\system32\\\\cmd.exe","PATHEXT":".COM;.EXE;.BAT;.CMD;.VBS;.VBE;.JS;.JSE;.WSF;.WSH;.MSC","WINDIR":"C:\\\\Windows","SERVER_SIGNATURE":"<address>Apache\\/2.4.23 (Win32) OpenSSL\\/1.0.2h PHP\\/5.5.38 Server at ::1 Port 80<\\/address>\\n","SERVER_SOFTWARE":"Apache\\/2.4.23 (Win32) OpenSSL\\/1.0.2h PHP\\/5.5.38","SERVER_NAME":"[::1]","SERVER_ADDR":"::1","SERVER_PORT":"80","REMOTE_ADDR":"::1","DOCUMENT_ROOT":"C:\\/xampp\\/htdocs","REQUEST_SCHEME":"http","CONTEXT_PREFIX":"","CONTEXT_DOCUMENT_ROOT":"C:\\/xampp\\/htdocs","SERVER_ADMIN":"postmaster@localhost","SCRIPT_FILENAME":"C:\\/xampp\\/htdocs\\/music\\/index.php","REMOTE_PORT":"59645","REDIRECT_URL":"\\/music\\/user\\/account\\/edit\\/12","GATEWAY_INTERFACE":"CGI\\/1.1","SERVER_PROTOCOL":"HTTP\\/1.1","REQUEST_METHOD":"POST","QUERY_STRING":"","REQUEST_URI":"\\/music\\/user\\/account\\/edit\\/12","SCRIPT_NAME":"\\/music\\/index.php","PATH_INFO":"\\/user\\/account\\/edit\\/12","PATH_TRANSLATED":"C:\\\\xampp\\\\htdocs\\\\user\\\\account\\\\edit\\\\12","PHP_SELF":"\\/music\\/index.php\\/user\\/account\\/edit\\/12","REQUEST_TIME_FLOAT":1483440645.368,"REQUEST_TIME":1483440645}', '', 1, '2017-01-03 10:50:45', ''),
(35, 'Update', '{"song_name":"Fake Love1","old_name":"Fake Love1","old_logo":"Song_1482755515.jpg","albumId":"3","old_albumId":"3","genresType":"2","old_genresType":"2","moodType":"1","old_moodType":"1","song_amt":"100.00","old_amt":"100.00","percentage":"100.00","old_percentage":"100.00","location":"chennai","old_location":"chennai","country":"india","old_country":"india","city":"chennai","old_city":"chennai","song_status":"1","old_status":"1","podcast":"on","podcastType":"2","artistType":["","1","2","","",""],"artistList":["","2","1","","",""],"percenteage":["","10.00","10.00","","",""]}', 'index/edit Update Success', '2017-01-03 11:51:27', '::1', '{"REDIRECT_MIBDIRS":"C:\\/xampp\\/php\\/extras\\/mibs","REDIRECT_MYSQL_HOME":"\\\\xampp\\\\mysql\\\\bin","REDIRECT_OPENSSL_CONF":"C:\\/xampp\\/apache\\/bin\\/openssl.cnf","REDIRECT_PHP_PEAR_SYSCONF_DIR":"\\\\xampp\\\\php","REDIRECT_PHPRC":"\\\\xampp\\\\php","REDIRECT_TMP":"\\\\xampp\\\\tmp","REDIRECT_STATUS":"200","MIBDIRS":"C:\\/xampp\\/php\\/extras\\/mibs","MYSQL_HOME":"\\\\xampp\\\\mysql\\\\bin","OPENSSL_CONF":"C:\\/xampp\\/apache\\/bin\\/openssl.cnf","PHP_PEAR_SYSCONF_DIR":"\\\\xampp\\\\php","PHPRC":"\\\\xampp\\\\php","TMP":"\\\\xampp\\\\tmp","HTTP_HOST":"[::1]","HTTP_USER_AGENT":"Mozilla\\/5.0 (Windows NT 6.1; rv:50.0) Gecko\\/20100101 Firefox\\/50.0","HTTP_ACCEPT":"text\\/html,application\\/xhtml+xml,application\\/xml;q=0.9,*\\/*;q=0.8","HTTP_ACCEPT_LANGUAGE":"en-GB,en;q=0.5","HTTP_ACCEPT_ENCODING":"gzip, deflate","HTTP_REFERER":"http:\\/\\/[::1]\\/music\\/song\\/index\\/edit_songs\\/2","HTTP_COOKIE":"ci_session=h0lbh3ump6n7eei09nupck10f17egikc","HTTP_CONNECTION":"keep-alive","HTTP_UPGRADE_INSECURE_REQUESTS":"1","CONTENT_TYPE":"multipart\\/form-data; boundary=---------------------------92043267919871","CONTENT_LENGTH":"4462","PATH":"C:\\\\ProgramData\\\\Oracle\\\\Java\\\\javapath;C:\\\\Windows\\\\system32;C:\\\\Windows;C:\\\\Windows\\\\System32\\\\Wbem;C:\\\\Windows\\\\System32\\\\WindowsPowerShell\\\\v1.0\\\\;C:\\\\Program Files\\\\Intel\\\\OpenCL SDK\\\\2.0\\\\bin\\\\x86;C:\\\\Program Files\\\\WinSCP3\\\\;C:\\\\Program Files\\\\Java\\\\jdk1.7.0\\\\bin;C:\\\\Program Files\\\\TortoiseSVN\\\\bin;C:\\\\Program Files\\\\apache-maven-3.3.9\\\\bin;C:\\\\Program Files\\\\apache-maven-3.3.9\\\\bin;C:\\\\Python27;C:\\\\Program Files\\\\nodejs\\\\;C:\\\\Program Files\\\\Skype\\\\Phone\\\\;","SystemRoot":"C:\\\\Windows","COMSPEC":"C:\\\\Windows\\\\system32\\\\cmd.exe","PATHEXT":".COM;.EXE;.BAT;.CMD;.VBS;.VBE;.JS;.JSE;.WSF;.WSH;.MSC","WINDIR":"C:\\\\Windows","SERVER_SIGNATURE":"<address>Apache\\/2.4.23 (Win32) OpenSSL\\/1.0.2h PHP\\/5.5.38 Server at ::1 Port 80<\\/address>\\n","SERVER_SOFTWARE":"Apache\\/2.4.23 (Win32) OpenSSL\\/1.0.2h PHP\\/5.5.38","SERVER_NAME":"[::1]","SERVER_ADDR":"::1","SERVER_PORT":"80","REMOTE_ADDR":"::1","DOCUMENT_ROOT":"C:\\/xampp\\/htdocs","REQUEST_SCHEME":"http","CONTEXT_PREFIX":"","CONTEXT_DOCUMENT_ROOT":"C:\\/xampp\\/htdocs","SERVER_ADMIN":"postmaster@localhost","SCRIPT_FILENAME":"C:\\/xampp\\/htdocs\\/music\\/index.php","REMOTE_PORT":"59676","REDIRECT_URL":"\\/music\\/song\\/index\\/edit\\/2","GATEWAY_INTERFACE":"CGI\\/1.1","SERVER_PROTOCOL":"HTTP\\/1.1","REQUEST_METHOD":"POST","QUERY_STRING":"","REQUEST_URI":"\\/music\\/song\\/index\\/edit\\/2","SCRIPT_NAME":"\\/music\\/index.php","PATH_INFO":"\\/song\\/index\\/edit\\/2","PATH_TRANSLATED":"C:\\\\xampp\\\\htdocs\\\\song\\\\index\\\\edit\\\\2","PHP_SELF":"\\/music\\/index.php\\/song\\/index\\/edit\\/2","REQUEST_TIME_FLOAT":1483440687.064,"REQUEST_TIME":1483440687}', '', 1, '2017-01-03 10:51:27', ''),
(36, 'Login', '{"ADMIN_ID":"10001","email":null,"username":"","fname":"Digient","lname":"Guindy"}', '', '2017-01-03 12:45:29', '::1', '{"MIBDIRS":"C:\\/xampp\\/php\\/extras\\/mibs","MYSQL_HOME":"\\\\xampp\\\\mysql\\\\bin","OPENSSL_CONF":"C:\\/xampp\\/apache\\/bin\\/openssl.cnf","PHP_PEAR_SYSCONF_DIR":"\\\\xampp\\\\php","PHPRC":"\\\\xampp\\\\php","TMP":"\\\\xampp\\\\tmp","HTTP_HOST":"[::1]","HTTP_USER_AGENT":"Mozilla\\/5.0 (Windows NT 6.1; rv:50.0) Gecko\\/20100101 Firefox\\/50.0","HTTP_ACCEPT":"text\\/html,application\\/xhtml+xml,application\\/xml;q=0.9,*\\/*;q=0.8","HTTP_ACCEPT_LANGUAGE":"en-GB,en;q=0.5","HTTP_ACCEPT_ENCODING":"gzip, deflate","HTTP_REFERER":"http:\\/\\/[::1]\\/music\\/","HTTP_COOKIE":"ci_session=q07fiee3s309fmnnhtbjm2li7lucaibo","HTTP_CONNECTION":"keep-alive","HTTP_UPGRADE_INSECURE_REQUESTS":"1","CONTENT_TYPE":"application\\/x-www-form-urlencoded","CONTENT_LENGTH":"58","PATH":"C:\\\\ProgramData\\\\Oracle\\\\Java\\\\javapath;C:\\\\Windows\\\\system32;C:\\\\Windows;C:\\\\Windows\\\\System32\\\\Wbem;C:\\\\Windows\\\\System32\\\\WindowsPowerShell\\\\v1.0\\\\;C:\\\\Program Files\\\\Intel\\\\OpenCL SDK\\\\2.0\\\\bin\\\\x86;C:\\\\Program Files\\\\WinSCP3\\\\;C:\\\\Program Files\\\\Java\\\\jdk1.7.0\\\\bin;C:\\\\Program Files\\\\TortoiseSVN\\\\bin;C:\\\\Program Files\\\\apache-maven-3.3.9\\\\bin;C:\\\\Program Files\\\\apache-maven-3.3.9\\\\bin;C:\\\\Python27;C:\\\\Program Files\\\\nodejs\\\\;C:\\\\Program Files\\\\Skype\\\\Phone\\\\;","SystemRoot":"C:\\\\Windows","COMSPEC":"C:\\\\Windows\\\\system32\\\\cmd.exe","PATHEXT":".COM;.EXE;.BAT;.CMD;.VBS;.VBE;.JS;.JSE;.WSF;.WSH;.MSC","WINDIR":"C:\\\\Windows","SERVER_SIGNATURE":"<address>Apache\\/2.4.23 (Win32) OpenSSL\\/1.0.2h PHP\\/5.5.38 Server at ::1 Port 80<\\/address>\\n","SERVER_SOFTWARE":"Apache\\/2.4.23 (Win32) OpenSSL\\/1.0.2h PHP\\/5.5.38","SERVER_NAME":"[::1]","SERVER_ADDR":"::1","SERVER_PORT":"80","REMOTE_ADDR":"::1","DOCUMENT_ROOT":"C:\\/xampp\\/htdocs","REQUEST_SCHEME":"http","CONTEXT_PREFIX":"","CONTEXT_DOCUMENT_ROOT":"C:\\/xampp\\/htdocs","SERVER_ADMIN":"postmaster@localhost","SCRIPT_FILENAME":"C:\\/xampp\\/htdocs\\/music\\/index.php","REMOTE_PORT":"60647","GATEWAY_INTERFACE":"CGI\\/1.1","SERVER_PROTOCOL":"HTTP\\/1.1","REQUEST_METHOD":"POST","QUERY_STRING":"","REQUEST_URI":"\\/music\\/","SCRIPT_NAME":"\\/music\\/index.php","PHP_SELF":"\\/music\\/index.php","REQUEST_TIME_FLOAT":1483443929.704,"REQUEST_TIME":1483443929}', '', 1, '2017-01-03 11:45:29', '10001'),
(37, 'Login', '{"ADMIN_ID":"10001","email":null,"username":"","fname":"Digient","lname":"Guindy"}', '', '2017-01-03 12:58:04', '::1', '{"MIBDIRS":"C:\\/xampp\\/php\\/extras\\/mibs","MYSQL_HOME":"\\\\xampp\\\\mysql\\\\bin","OPENSSL_CONF":"C:\\/xampp\\/apache\\/bin\\/openssl.cnf","PHP_PEAR_SYSCONF_DIR":"\\\\xampp\\\\php","PHPRC":"\\\\xampp\\\\php","TMP":"\\\\xampp\\\\tmp","HTTP_HOST":"localhost","HTTP_USER_AGENT":"Mozilla\\/5.0 (Windows NT 6.1; rv:50.0) Gecko\\/20100101 Firefox\\/50.0","HTTP_ACCEPT":"text\\/html,application\\/xhtml+xml,application\\/xml;q=0.9,*\\/*;q=0.8","HTTP_ACCEPT_LANGUAGE":"en-GB,en;q=0.5","HTTP_ACCEPT_ENCODING":"gzip, deflate","HTTP_REFERER":"http:\\/\\/localhost\\/music\\/","HTTP_COOKIE":"ci_session=5io6q294tk4kf3u1b0rm2ksqnrde9sru","HTTP_CONNECTION":"keep-alive","HTTP_UPGRADE_INSECURE_REQUESTS":"1","CONTENT_TYPE":"application\\/x-www-form-urlencoded","CONTENT_LENGTH":"58","PATH":"C:\\\\ProgramData\\\\Oracle\\\\Java\\\\javapath;C:\\\\Windows\\\\system32;C:\\\\Windows;C:\\\\Windows\\\\System32\\\\Wbem;C:\\\\Windows\\\\System32\\\\WindowsPowerShell\\\\v1.0\\\\;C:\\\\Program Files\\\\Intel\\\\OpenCL SDK\\\\2.0\\\\bin\\\\x86;C:\\\\Program Files\\\\WinSCP3\\\\;C:\\\\Program Files\\\\Java\\\\jdk1.7.0\\\\bin;C:\\\\Program Files\\\\TortoiseSVN\\\\bin;C:\\\\Program Files\\\\apache-maven-3.3.9\\\\bin;C:\\\\Program Files\\\\apache-maven-3.3.9\\\\bin;C:\\\\Python27;C:\\\\Program Files\\\\nodejs\\\\;C:\\\\Program Files\\\\Skype\\\\Phone\\\\;","SystemRoot":"C:\\\\Windows","COMSPEC":"C:\\\\Windows\\\\system32\\\\cmd.exe","PATHEXT":".COM;.EXE;.BAT;.CMD;.VBS;.VBE;.JS;.JSE;.WSF;.WSH;.MSC","WINDIR":"C:\\\\Windows","SERVER_SIGNATURE":"<address>Apache\\/2.4.23 (Win32) OpenSSL\\/1.0.2h PHP\\/5.5.38 Server at localhost Port 80<\\/address>\\n","SERVER_SOFTWARE":"Apache\\/2.4.23 (Win32) OpenSSL\\/1.0.2h PHP\\/5.5.38","SERVER_NAME":"localhost","SERVER_ADDR":"::1","SERVER_PORT":"80","REMOTE_ADDR":"::1","DOCUMENT_ROOT":"C:\\/xampp\\/htdocs","REQUEST_SCHEME":"http","CONTEXT_PREFIX":"","CONTEXT_DOCUMENT_ROOT":"C:\\/xampp\\/htdocs","SERVER_ADMIN":"postmaster@localhost","SCRIPT_FILENAME":"C:\\/xampp\\/htdocs\\/music\\/index.php","REMOTE_PORT":"60940","GATEWAY_INTERFACE":"CGI\\/1.1","SERVER_PROTOCOL":"HTTP\\/1.1","REQUEST_METHOD":"POST","QUERY_STRING":"","REQUEST_URI":"\\/music\\/","SCRIPT_NAME":"\\/music\\/index.php","PHP_SELF":"\\/music\\/index.php","REQUEST_TIME_FLOAT":1483444684.24,"REQUEST_TIME":1483444684}', '', 1, '2017-01-03 11:58:04', '10001'),
(38, 'Login', '{"ADMIN_ID":"10001","email":null,"username":"","fname":"Digient","lname":"Guindy"}', '', '2017-01-03 12:58:27', '::1', '{"MIBDIRS":"C:\\/xampp\\/php\\/extras\\/mibs","MYSQL_HOME":"\\\\xampp\\\\mysql\\\\bin","OPENSSL_CONF":"C:\\/xampp\\/apache\\/bin\\/openssl.cnf","PHP_PEAR_SYSCONF_DIR":"\\\\xampp\\\\php","PHPRC":"\\\\xampp\\\\php","TMP":"\\\\xampp\\\\tmp","HTTP_HOST":"[::1]","HTTP_USER_AGENT":"Mozilla\\/5.0 (Windows NT 6.1; rv:50.0) Gecko\\/20100101 Firefox\\/50.0","HTTP_ACCEPT":"text\\/html,application\\/xhtml+xml,application\\/xml;q=0.9,*\\/*;q=0.8","HTTP_ACCEPT_LANGUAGE":"en-GB,en;q=0.5","HTTP_ACCEPT_ENCODING":"gzip, deflate","HTTP_REFERER":"http:\\/\\/[::1]\\/music\\/","HTTP_COOKIE":"ci_session=qi8onu7udo5s3k11orelhai7cou48jok","HTTP_CONNECTION":"keep-alive","HTTP_UPGRADE_INSECURE_REQUESTS":"1","CONTENT_TYPE":"application\\/x-www-form-urlencoded","CONTENT_LENGTH":"58","PATH":"C:\\\\ProgramData\\\\Oracle\\\\Java\\\\javapath;C:\\\\Windows\\\\system32;C:\\\\Windows;C:\\\\Windows\\\\System32\\\\Wbem;C:\\\\Windows\\\\System32\\\\WindowsPowerShell\\\\v1.0\\\\;C:\\\\Program Files\\\\Intel\\\\OpenCL SDK\\\\2.0\\\\bin\\\\x86;C:\\\\Program Files\\\\WinSCP3\\\\;C:\\\\Program Files\\\\Java\\\\jdk1.7.0\\\\bin;C:\\\\Program Files\\\\TortoiseSVN\\\\bin;C:\\\\Program Files\\\\apache-maven-3.3.9\\\\bin;C:\\\\Program Files\\\\apache-maven-3.3.9\\\\bin;C:\\\\Python27;C:\\\\Program Files\\\\nodejs\\\\;C:\\\\Program Files\\\\Skype\\\\Phone\\\\;","SystemRoot":"C:\\\\Windows","COMSPEC":"C:\\\\Windows\\\\system32\\\\cmd.exe","PATHEXT":".COM;.EXE;.BAT;.CMD;.VBS;.VBE;.JS;.JSE;.WSF;.WSH;.MSC","WINDIR":"C:\\\\Windows","SERVER_SIGNATURE":"<address>Apache\\/2.4.23 (Win32) OpenSSL\\/1.0.2h PHP\\/5.5.38 Server at ::1 Port 80<\\/address>\\n","SERVER_SOFTWARE":"Apache\\/2.4.23 (Win32) OpenSSL\\/1.0.2h PHP\\/5.5.38","SERVER_NAME":"[::1]","SERVER_ADDR":"::1","SERVER_PORT":"80","REMOTE_ADDR":"::1","DOCUMENT_ROOT":"C:\\/xampp\\/htdocs","REQUEST_SCHEME":"http","CONTEXT_PREFIX":"","CONTEXT_DOCUMENT_ROOT":"C:\\/xampp\\/htdocs","SERVER_ADMIN":"postmaster@localhost","SCRIPT_FILENAME":"C:\\/xampp\\/htdocs\\/music\\/index.php","REMOTE_PORT":"60953","GATEWAY_INTERFACE":"CGI\\/1.1","SERVER_PROTOCOL":"HTTP\\/1.1","REQUEST_METHOD":"POST","QUERY_STRING":"","REQUEST_URI":"\\/music\\/","SCRIPT_NAME":"\\/music\\/index.php","PHP_SELF":"\\/music\\/index.php","REQUEST_TIME_FLOAT":1483444707.203,"REQUEST_TIME":1483444707}', '', 1, '2017-01-03 11:58:27', '10001'),
(39, 'Insert', '{"song_name":"new","albumId":"7","genresType":"1","moodType":"2","song_amt":"1000","percentage":"10","location":"india","country":"india","city":"india","song_status":"1","podcastType":"","artistType":{"1":"","2":"","3":"","4":"","5":""},"artistList":{"1":"","2":"","3":"","4":"","5":""},"percenteage":{"1":"","2":"","3":"","4":"","5":""}}', 'index/add Registration Success', '2017-01-03 14:06:44', '::1', '{"REDIRECT_MIBDIRS":"C:\\/xampp\\/php\\/extras\\/mibs","REDIRECT_MYSQL_HOME":"\\\\xampp\\\\mysql\\\\bin","REDIRECT_OPENSSL_CONF":"C:\\/xampp\\/apache\\/bin\\/openssl.cnf","REDIRECT_PHP_PEAR_SYSCONF_DIR":"\\\\xampp\\\\php","REDIRECT_PHPRC":"\\\\xampp\\\\php","REDIRECT_TMP":"\\\\xampp\\\\tmp","REDIRECT_STATUS":"200","MIBDIRS":"C:\\/xampp\\/php\\/extras\\/mibs","MYSQL_HOME":"\\\\xampp\\\\mysql\\\\bin","OPENSSL_CONF":"C:\\/xampp\\/apache\\/bin\\/openssl.cnf","PHP_PEAR_SYSCONF_DIR":"\\\\xampp\\\\php","PHPRC":"\\\\xampp\\\\php","TMP":"\\\\xampp\\\\tmp","HTTP_HOST":"[::1]","HTTP_USER_AGENT":"Mozilla\\/5.0 (Windows NT 6.1; rv:50.0) Gecko\\/20100101 Firefox\\/50.0","HTTP_ACCEPT":"text\\/html,application\\/xhtml+xml,application\\/xml;q=0.9,*\\/*;q=0.8","HTTP_ACCEPT_LANGUAGE":"en-GB,en;q=0.5","HTTP_ACCEPT_ENCODING":"gzip, deflate","HTTP_REFERER":"http:\\/\\/[::1]\\/music\\/song\\/index","HTTP_COOKIE":"ci_session=lkl574slkdu7rta01klou98muvr8hlil","HTTP_CONNECTION":"keep-alive","HTTP_UPGRADE_INSECURE_REQUESTS":"1","CONTENT_TYPE":"multipart\\/form-data; boundary=---------------------------108661688910965","CONTENT_LENGTH":"80786","PATH":"C:\\\\ProgramData\\\\Oracle\\\\Java\\\\javapath;C:\\\\Windows\\\\system32;C:\\\\Windows;C:\\\\Windows\\\\System32\\\\Wbem;C:\\\\Windows\\\\System32\\\\WindowsPowerShell\\\\v1.0\\\\;C:\\\\Program Files\\\\Intel\\\\OpenCL SDK\\\\2.0\\\\bin\\\\x86;C:\\\\Program Files\\\\WinSCP3\\\\;C:\\\\Program Files\\\\Java\\\\jdk1.7.0\\\\bin;C:\\\\Program Files\\\\TortoiseSVN\\\\bin;C:\\\\Program Files\\\\apache-maven-3.3.9\\\\bin;C:\\\\Program Files\\\\apache-maven-3.3.9\\\\bin;C:\\\\Python27;C:\\\\Program Files\\\\nodejs\\\\;C:\\\\Program Files\\\\Skype\\\\Phone\\\\;","SystemRoot":"C:\\\\Windows","COMSPEC":"C:\\\\Windows\\\\system32\\\\cmd.exe","PATHEXT":".COM;.EXE;.BAT;.CMD;.VBS;.VBE;.JS;.JSE;.WSF;.WSH;.MSC","WINDIR":"C:\\\\Windows","SERVER_SIGNATURE":"<address>Apache\\/2.4.23 (Win32) OpenSSL\\/1.0.2h PHP\\/5.5.38 Server at ::1 Port 80<\\/address>\\n","SERVER_SOFTWARE":"Apache\\/2.4.23 (Win32) OpenSSL\\/1.0.2h PHP\\/5.5.38","SERVER_NAME":"[::1]","SERVER_ADDR":"::1","SERVER_PORT":"80","REMOTE_ADDR":"::1","DOCUMENT_ROOT":"C:\\/xampp\\/htdocs","REQUEST_SCHEME":"http","CONTEXT_PREFIX":"","CONTEXT_DOCUMENT_ROOT":"C:\\/xampp\\/htdocs","SERVER_ADMIN":"postmaster@localhost","SCRIPT_FILENAME":"C:\\/xampp\\/htdocs\\/music\\/index.php","REMOTE_PORT":"62017","REDIRECT_URL":"\\/music\\/song\\/index\\/add","GATEWAY_INTERFACE":"CGI\\/1.1","SERVER_PROTOCOL":"HTTP\\/1.1","REQUEST_METHOD":"POST","QUERY_STRING":"","REQUEST_URI":"\\/music\\/song\\/index\\/add","SCRIPT_NAME":"\\/music\\/index.php","PATH_INFO":"\\/song\\/index\\/add","PATH_TRANSLATED":"C:\\\\xampp\\\\htdocs\\\\song\\\\index\\\\add","PHP_SELF":"\\/music\\/index.php\\/song\\/index\\/add","REQUEST_TIME_FLOAT":1483448803.98,"REQUEST_TIME":1483448803}', '', 1, '2017-01-03 13:06:44', ''),
(40, 'Update', '{"album_name":"blackSUMMERS","old_name":"blackSUMMERS","old_logo":"blackSUMMERS.png","artistId":"1","old_artistId":"1","genresType":"1","old_genresType":"1","moodType":"1","old_moodType":"1","location":"chennai","old_location":"chennai","country":"india","old_country":"india","city":"chennai","old_city":"chennai","album_status":"1","old_status":"1","podcastType":""}', 'index/editUpdate Success', '2017-01-03 14:20:29', '::1', '{"REDIRECT_MIBDIRS":"C:\\/xampp\\/php\\/extras\\/mibs","REDIRECT_MYSQL_HOME":"\\\\xampp\\\\mysql\\\\bin","REDIRECT_OPENSSL_CONF":"C:\\/xampp\\/apache\\/bin\\/openssl.cnf","REDIRECT_PHP_PEAR_SYSCONF_DIR":"\\\\xampp\\\\php","REDIRECT_PHPRC":"\\\\xampp\\\\php","REDIRECT_TMP":"\\\\xampp\\\\tmp","REDIRECT_STATUS":"200","MIBDIRS":"C:\\/xampp\\/php\\/extras\\/mibs","MYSQL_HOME":"\\\\xampp\\\\mysql\\\\bin","OPENSSL_CONF":"C:\\/xampp\\/apache\\/bin\\/openssl.cnf","PHP_PEAR_SYSCONF_DIR":"\\\\xampp\\\\php","PHPRC":"\\\\xampp\\\\php","TMP":"\\\\xampp\\\\tmp","HTTP_HOST":"[::1]","HTTP_USER_AGENT":"Mozilla\\/5.0 (Windows NT 6.1; rv:50.0) Gecko\\/20100101 Firefox\\/50.0","HTTP_ACCEPT":"text\\/html,application\\/xhtml+xml,application\\/xml;q=0.9,*\\/*;q=0.8","HTTP_ACCEPT_LANGUAGE":"en-GB,en;q=0.5","HTTP_ACCEPT_ENCODING":"gzip, deflate","HTTP_REFERER":"http:\\/\\/[::1]\\/music\\/album\\/index\\/edit_album\\/1","HTTP_COOKIE":"ci_session=u1ri1mmcqhetksqubvru13u63kqk69k2","HTTP_CONNECTION":"keep-alive","HTTP_UPGRADE_INSECURE_REQUESTS":"1","CONTENT_TYPE":"multipart\\/form-data; boundary=---------------------------3010825927989","CONTENT_LENGTH":"563329","PATH":"C:\\\\ProgramData\\\\Oracle\\\\Java\\\\javapath;C:\\\\Windows\\\\system32;C:\\\\Windows;C:\\\\Windows\\\\System32\\\\Wbem;C:\\\\Windows\\\\System32\\\\WindowsPowerShell\\\\v1.0\\\\;C:\\\\Program Files\\\\Intel\\\\OpenCL SDK\\\\2.0\\\\bin\\\\x86;C:\\\\Program Files\\\\WinSCP3\\\\;C:\\\\Program Files\\\\Java\\\\jdk1.7.0\\\\bin;C:\\\\Program Files\\\\TortoiseSVN\\\\bin;C:\\\\Program Files\\\\apache-maven-3.3.9\\\\bin;C:\\\\Program Files\\\\apache-maven-3.3.9\\\\bin;C:\\\\Python27;C:\\\\Program Files\\\\nodejs\\\\;C:\\\\Program Files\\\\Skype\\\\Phone\\\\;","SystemRoot":"C:\\\\Windows","COMSPEC":"C:\\\\Windows\\\\system32\\\\cmd.exe","PATHEXT":".COM;.EXE;.BAT;.CMD;.VBS;.VBE;.JS;.JSE;.WSF;.WSH;.MSC","WINDIR":"C:\\\\Windows","SERVER_SIGNATURE":"<address>Apache\\/2.4.23 (Win32) OpenSSL\\/1.0.2h PHP\\/5.5.38 Server at ::1 Port 80<\\/address>\\n","SERVER_SOFTWARE":"Apache\\/2.4.23 (Win32) OpenSSL\\/1.0.2h PHP\\/5.5.38","SERVER_NAME":"[::1]","SERVER_ADDR":"::1","SERVER_PORT":"80","REMOTE_ADDR":"::1","DOCUMENT_ROOT":"C:\\/xampp\\/htdocs","REQUEST_SCHEME":"http","CONTEXT_PREFIX":"","CONTEXT_DOCUMENT_ROOT":"C:\\/xampp\\/htdocs","SERVER_ADMIN":"postmaster@localhost","SCRIPT_FILENAME":"C:\\/xampp\\/htdocs\\/music\\/index.php","REMOTE_PORT":"62314","REDIRECT_URL":"\\/music\\/album\\/index\\/edit\\/1","GATEWAY_INTERFACE":"CGI\\/1.1","SERVER_PROTOCOL":"HTTP\\/1.1","REQUEST_METHOD":"POST","QUERY_STRING":"","REQUEST_URI":"\\/music\\/album\\/index\\/edit\\/1","SCRIPT_NAME":"\\/music\\/index.php","PATH_INFO":"\\/album\\/index\\/edit\\/1","PATH_TRANSLATED":"C:\\\\xampp\\\\htdocs\\\\album\\\\index\\\\edit\\\\1","PHP_SELF":"\\/music\\/index.php\\/album\\/index\\/edit\\/1","REQUEST_TIME_FLOAT":1483449629.126,"REQUEST_TIME":1483449629}', '', 1, '2017-01-03 13:20:29', ''),
(41, 'Update', '{"album_name":"Collegrove","old_name":"Collegrove","old_logo":"Album_1482986909.jpg","artistId":"2","old_artistId":"2","genresType":"2","old_genresType":"2","moodType":"2","old_moodType":"2","location":"chennai","old_location":"chennai","country":"india","old_country":"india","city":"chennai","old_city":"chennai","album_status":"0","old_status":"1","podcast":"on","podcastType":"2"}', 'index/editUpdate Success', '2017-01-03 14:20:52', '::1', '{"REDIRECT_MIBDIRS":"C:\\/xampp\\/php\\/extras\\/mibs","REDIRECT_MYSQL_HOME":"\\\\xampp\\\\mysql\\\\bin","REDIRECT_OPENSSL_CONF":"C:\\/xampp\\/apache\\/bin\\/openssl.cnf","REDIRECT_PHP_PEAR_SYSCONF_DIR":"\\\\xampp\\\\php","REDIRECT_PHPRC":"\\\\xampp\\\\php","REDIRECT_TMP":"\\\\xampp\\\\tmp","REDIRECT_STATUS":"200","MIBDIRS":"C:\\/xampp\\/php\\/extras\\/mibs","MYSQL_HOME":"\\\\xampp\\\\mysql\\\\bin","OPENSSL_CONF":"C:\\/xampp\\/apache\\/bin\\/openssl.cnf","PHP_PEAR_SYSCONF_DIR":"\\\\xampp\\\\php","PHPRC":"\\\\xampp\\\\php","TMP":"\\\\xampp\\\\tmp","HTTP_HOST":"[::1]","HTTP_USER_AGENT":"Mozilla\\/5.0 (Windows NT 6.1; rv:50.0) Gecko\\/20100101 Firefox\\/50.0","HTTP_ACCEPT":"text\\/html,application\\/xhtml+xml,application\\/xml;q=0.9,*\\/*;q=0.8","HTTP_ACCEPT_LANGUAGE":"en-GB,en;q=0.5","HTTP_ACCEPT_ENCODING":"gzip, deflate","HTTP_REFERER":"http:\\/\\/[::1]\\/music\\/album\\/index\\/edit_album\\/2","HTTP_COOKIE":"ci_session=ihbpoa4p79r77rf8k62cc51hha0673pf","HTTP_CONNECTION":"keep-alive","HTTP_UPGRADE_INSECURE_REQUESTS":"1","CONTENT_TYPE":"multipart\\/form-data; boundary=---------------------------52552088321334","CONTENT_LENGTH":"2173","PATH":"C:\\\\ProgramData\\\\Oracle\\\\Java\\\\javapath;C:\\\\Windows\\\\system32;C:\\\\Windows;C:\\\\Windows\\\\System32\\\\Wbem;C:\\\\Windows\\\\System32\\\\WindowsPowerShell\\\\v1.0\\\\;C:\\\\Program Files\\\\Intel\\\\OpenCL SDK\\\\2.0\\\\bin\\\\x86;C:\\\\Program Files\\\\WinSCP3\\\\;C:\\\\Program Files\\\\Java\\\\jdk1.7.0\\\\bin;C:\\\\Program Files\\\\TortoiseSVN\\\\bin;C:\\\\Program Files\\\\apache-maven-3.3.9\\\\bin;C:\\\\Program Files\\\\apache-maven-3.3.9\\\\bin;C:\\\\Python27;C:\\\\Program Files\\\\nodejs\\\\;C:\\\\Program Files\\\\Skype\\\\Phone\\\\;","SystemRoot":"C:\\\\Windows","COMSPEC":"C:\\\\Windows\\\\system32\\\\cmd.exe","PATHEXT":".COM;.EXE;.BAT;.CMD;.VBS;.VBE;.JS;.JSE;.WSF;.WSH;.MSC","WINDIR":"C:\\\\Windows","SERVER_SIGNATURE":"<address>Apache\\/2.4.23 (Win32) OpenSSL\\/1.0.2h PHP\\/5.5.38 Server at ::1 Port 80<\\/address>\\n","SERVER_SOFTWARE":"Apache\\/2.4.23 (Win32) OpenSSL\\/1.0.2h PHP\\/5.5.38","SERVER_NAME":"[::1]","SERVER_ADDR":"::1","SERVER_PORT":"80","REMOTE_ADDR":"::1","DOCUMENT_ROOT":"C:\\/xampp\\/htdocs","REQUEST_SCHEME":"http","CONTEXT_PREFIX":"","CONTEXT_DOCUMENT_ROOT":"C:\\/xampp\\/htdocs","SERVER_ADMIN":"postmaster@localhost","SCRIPT_FILENAME":"C:\\/xampp\\/htdocs\\/music\\/index.php","REMOTE_PORT":"62332","REDIRECT_URL":"\\/music\\/album\\/index\\/edit\\/2","GATEWAY_INTERFACE":"CGI\\/1.1","SERVER_PROTOCOL":"HTTP\\/1.1","REQUEST_METHOD":"POST","QUERY_STRING":"","REQUEST_URI":"\\/music\\/album\\/index\\/edit\\/2","SCRIPT_NAME":"\\/music\\/index.php","PATH_INFO":"\\/album\\/index\\/edit\\/2","PATH_TRANSLATED":"C:\\\\xampp\\\\htdocs\\\\album\\\\index\\\\edit\\\\2","PHP_SELF":"\\/music\\/index.php\\/album\\/index\\/edit\\/2","REQUEST_TIME_FLOAT":1483449652.067,"REQUEST_TIME":1483449652}', '', 1, '2017-01-03 13:20:52', '');

-- --------------------------------------------------------

--
-- Table structure for table `admin_user`
--

CREATE TABLE `admin_user` (
  `ADMIN_USER_ID` bigint(20) NOT NULL,
  `USERNAME` varchar(64) NOT NULL,
  `FIRSTNAME` varchar(64) DEFAULT NULL,
  `LASTNAME` varchar(64) DEFAULT NULL,
  `PASSWORD` varchar(64) DEFAULT NULL,
  `DOB` varchar(64) DEFAULT NULL,
  `EMAIL` varchar(64) DEFAULT NULL,
  `LOCALE` varchar(64) DEFAULT NULL,
  `CITY` varchar(64) DEFAULT NULL,
  `STATE` varchar(64) DEFAULT NULL,
  `COUNTRY` varchar(64) DEFAULT NULL,
  `PINCODE` bigint(20) DEFAULT NULL,
  `ACCOUNT_STATUS` bigint(20) DEFAULT '0',
  `REGISTRATION_TIMESTAMP` datetime DEFAULT CURRENT_TIMESTAMP,
  `HACK_COUNT` bigint(20) DEFAULT '0',
  `GENDER` varchar(64) DEFAULT '1',
  `MOBILE` bigint(20) DEFAULT '0',
  `CUSTOM1` varchar(64) DEFAULT '0',
  `CUSTOM2` bigint(20) DEFAULT '0'
) ENGINE=InnoDB DEFAULT CHARSET=latin1;

--
-- Dumping data for table `admin_user`
--

INSERT INTO `admin_user` (`ADMIN_USER_ID`, `USERNAME`, `FIRSTNAME`, `LASTNAME`, `PASSWORD`, `DOB`, `EMAIL`, `LOCALE`, `CITY`, `STATE`, `COUNTRY`, `PINCODE`, `ACCOUNT_STATUS`, `REGISTRATION_TIMESTAMP`, `HACK_COUNT`, `GENDER`, `MOBILE`, `CUSTOM1`, `CUSTOM2`) VALUES
(10001, 'administrator', 'digient', 'guindy', 'cc03e747a6afbbcbf8be7668acfebee5', NULL, NULL, NULL, NULL, NULL, NULL, NULL, 1, '2016-12-20 10:36:50', 0, '1', 0, '0', 0);

-- --------------------------------------------------------

--
-- Table structure for table `albums`
--

CREATE TABLE `albums` (
  `ALBUM_ID` int(11) NOT NULL,
  `ALBUM_NAME` varchar(150) NOT NULL,
  `ALBUM_LOGO` varchar(100) NOT NULL,
  `ALBUM_ARTISTS_ID` int(11) NOT NULL,
  `ALBUM_GENRES_ID` int(11) NOT NULL,
  `ALBUM_MOOD_ID` int(11) NOT NULL,
  `ALBUM_LOCATION` varchar(200) DEFAULT NULL,
  `ALBUM_CITY` varchar(200) DEFAULT NULL,
  `ALBUM_COUNTRY` varchar(200) DEFAULT NULL,
  `ALBUM_LISTENED_COUNT` int(11) DEFAULT '0',
  `ALBUM_FOLLOWER_COUNT` int(11) NOT NULL DEFAULT '0',
  `ALBUM_IS_PODCAST` tinyint(2) DEFAULT '0',
  `ALUBM_PODCAST_CATEGORY` int(11) NOT NULL DEFAULT '0',
  `ALBUM_STATUS` int(11) NOT NULL DEFAULT '0',
  `ALBUM_CREATED_ON` timestamp NOT NULL DEFAULT CURRENT_TIMESTAMP,
  `ALBUM_UPDATED_ON` timestamp NOT NULL DEFAULT CURRENT_TIMESTAMP
) ENGINE=InnoDB DEFAULT CHARSET=latin1;

--
-- Dumping data for table `albums`
--

INSERT INTO `albums` (`ALBUM_ID`, `ALBUM_NAME`, `ALBUM_LOGO`, `ALBUM_ARTISTS_ID`, `ALBUM_GENRES_ID`, `ALBUM_MOOD_ID`, `ALBUM_LOCATION`, `ALBUM_CITY`, `ALBUM_COUNTRY`, `ALBUM_LISTENED_COUNT`, `ALBUM_FOLLOWER_COUNT`, `ALBUM_IS_PODCAST`, `ALUBM_PODCAST_CATEGORY`, `ALBUM_STATUS`, `ALBUM_CREATED_ON`, `ALBUM_UPDATED_ON`) VALUES
(1, 'blackSUMMERS', 'Album_1483449629.jpg', 1, 1, 1, 'chennai', 'chennai', 'india', 0, 0, 0, 0, 1, '2016-12-21 11:59:21', '2017-01-03 08:50:29'),
(2, 'Collegrove', 'Album_1482986909.jpg', 2, 2, 2, 'chennai', 'chennai', 'india', 0, 0, 1, 2, 0, '2016-12-21 11:59:21', '2017-01-03 08:50:52'),
(3, 'muthu', 'Album_1482383852.jpg', 2, 1, 1, 'chennai', 'chennai', 'chennai', 0, 0, 0, 1, 0, '2016-12-22 00:47:32', '2016-12-22 00:47:32'),
(4, 'wqwqw', 'Album_1482412828.jpg', 2, 1, 2, 'sasas', 'as', 'ass', 0, 0, 1, 2, 1, '2016-12-22 01:07:06', '2016-12-22 08:51:54'),
(5, 'dfsdfsdf', 'Album_1482385454.jpg', 2, 1, 1, 'fsdf', 'sdfsdfsd', 'sdf', 0, 0, 1, 1, 1, '2016-12-22 01:14:14', '2016-12-22 01:14:14'),
(6, 'new', 'Album_1483004904.jpg', 5, 1, 1, 'chennai', 'chennai', 'chennai', 0, 0, 1, 1, 1, '2016-12-29 05:18:24', '2016-12-29 05:19:31'),
(7, 'waga', 'Album_1483426169.jpg', 2, 1, 1, 'Chennai', 'chennai', 'india', 0, 0, 0, 0, 1, '2017-01-03 02:19:29', '2017-01-03 02:19:29');

-- --------------------------------------------------------

--
-- Table structure for table `artists`
--

CREATE TABLE `artists` (
  `ARTISTS_ID` int(11) NOT NULL,
  `ARTISTS_TYPE_ID` int(11) NOT NULL,
  `ARTISTS_USERNAME` varchar(100) NOT NULL,
  `ARTISTS_PASSWORD` varchar(100) NOT NULL,
  `ARTISTS_FIRSTNAME` varchar(100) DEFAULT NULL,
  `ARTISTS_LASTNAME` varchar(100) DEFAULT NULL,
  `ARTISTS_EMAIL` varchar(100) DEFAULT NULL,
  `ARTISTS_PHONE` int(11) NOT NULL DEFAULT '0',
  `ARTISTS_IMAGE` varchar(100) DEFAULT NULL,
  `ARTISTS_LOCATION` varchar(200) DEFAULT NULL,
  `ARTISTS_CITY` varchar(200) DEFAULT NULL,
  `ARTISTS_COUNTRY` varchar(200) DEFAULT NULL,
  `ARTISTS_FOLLOWER_COUNT` int(11) DEFAULT '0',
  `ARTISTS_STATUS` tinyint(2) DEFAULT '1',
  `ARTISTS_CREATED_ON` timestamp NOT NULL DEFAULT CURRENT_TIMESTAMP,
  `ARTISTS_UPDATED_ON` timestamp NOT NULL DEFAULT CURRENT_TIMESTAMP
) ENGINE=InnoDB DEFAULT CHARSET=latin1;

--
-- Dumping data for table `artists`
--

INSERT INTO `artists` (`ARTISTS_ID`, `ARTISTS_TYPE_ID`, `ARTISTS_USERNAME`, `ARTISTS_PASSWORD`, `ARTISTS_FIRSTNAME`, `ARTISTS_LASTNAME`, `ARTISTS_EMAIL`, `ARTISTS_PHONE`, `ARTISTS_IMAGE`, `ARTISTS_LOCATION`, `ARTISTS_CITY`, `ARTISTS_COUNTRY`, `ARTISTS_FOLLOWER_COUNT`, `ARTISTS_STATUS`, `ARTISTS_CREATED_ON`, `ARTISTS_UPDATED_ON`) VALUES
(1, 2, 'Ilaiyaraaja', 'cc03e747a6afbbcbf8be7668acfebee5', 'Ilaiyaraaja', 'Ilaiyaraaja', 'muthuvel.ns@gmail.com', 453534543, 'profile_1482396658.jpg', 'chennai', 'chennai', 'india', 0, 1, '2016-12-21 11:53:10', '2016-12-29 00:32:01'),
(2, 1, 'AR Rahman', 'cc03e747a6afbbcbf8be7668acfebee5', 'AR', 'AR Rahman', 'rahaman@digient.in', 2147483647, '', 'vdff', 'dfdfdf', 'dfdfdf', 0, 1, '2016-12-21 11:53:10', '2017-01-03 06:19:43'),
(3, 3, 'raj', '40be4e59b9a2a2b5dffb918c0e86b3d7', 'raj', 'nm', 'raj@digient.in', 2147483647, 'Artist_1482815243.jpg', 'sdasd', 'dasdasdas', 'asdasdsa', 0, 1, '2016-12-27 00:37:23', '2016-12-27 00:37:23'),
(4, 4, 'raja', '40be4e59b9a2a2b5dffb918c0e86b3d7', 'raja', 'ra', 'raja@digient.in', 2147483647, 'Artist_1483004192.jpg', 'chennai', 'chennai', 'chennai', 0, 1, '2016-12-29 05:06:32', '2016-12-29 05:06:32'),
(5, 5, 'ram ji', '40be4e59b9a2a2b5dffb918c0e86b3d7', 'ram', 'ra', 'ram@digient.in', 2147483647, 'Artist_1483004432.jpg', 'chennai', 'chennai', 'chennai', 0, 1, '2016-12-29 05:10:32', '2016-12-29 05:13:56'),
(6, 1, 'britney spear', 'cc03e747a6afbbcbf8be7668acfebee5', 'Britney', 'Spear', 'muthuvel@digient.in', 989023908, 'Artist_1483425804.jpg', 'chennai', 'chennai', 'indian', 0, 1, '2017-01-03 02:13:24', '2017-01-03 02:13:24'),
(7, 1, 'dsd', 'eb332fba25ecc5a0a287361480a8d5bf', 'dfds', 'fdsfds', 'dfasd@sdasd.fd', 75445645, 'Artist_1483428532.jpg', 'fgdfg', 'gdfdf', 'fdgdf', 0, 1, '2017-01-03 02:58:52', '2017-01-03 02:58:52');

-- --------------------------------------------------------

--
-- Table structure for table `artists_type`
--

CREATE TABLE `artists_type` (
  `ARTISTS_TYPE_ID` int(11) NOT NULL,
  `ARTISTS_TYPE_NAME` varchar(100) NOT NULL,
  `ARTISTS_TYPE_STATUS` tinyint(2) DEFAULT '1'
) ENGINE=InnoDB DEFAULT CHARSET=latin1;

--
-- Dumping data for table `artists_type`
--

INSERT INTO `artists_type` (`ARTISTS_TYPE_ID`, `ARTISTS_TYPE_NAME`, `ARTISTS_TYPE_STATUS`) VALUES
(1, 'Singer', 1),
(2, 'Composer', 1),
(3, 'Band', 1),
(4, 'Producer', 1),
(5, 'Studio', 1);

-- --------------------------------------------------------

--
-- Table structure for table `genres_types`
--

CREATE TABLE `genres_types` (
  `GENRES_ID` int(11) NOT NULL,
  `GENRES_NAME` varchar(150) NOT NULL,
  `GENRES_STATUS` tinyint(2) DEFAULT '1',
  `GENRES_CREATED_ON` timestamp NOT NULL DEFAULT CURRENT_TIMESTAMP,
  `GENRES_UPDATED_ON` timestamp NOT NULL DEFAULT CURRENT_TIMESTAMP
) ENGINE=InnoDB DEFAULT CHARSET=latin1;

--
-- Dumping data for table `genres_types`
--

INSERT INTO `genres_types` (`GENRES_ID`, `GENRES_NAME`, `GENRES_STATUS`, `GENRES_CREATED_ON`, `GENRES_UPDATED_ON`) VALUES
(1, 'Folk', 1, '2016-12-20 05:51:04', '2016-12-20 05:51:04'),
(2, 'Rock', 1, '2016-12-20 05:51:04', '2016-12-20 05:51:04');

-- --------------------------------------------------------

--
-- Table structure for table `mood_types`
--

CREATE TABLE `mood_types` (
  `MOOD_ID` int(11) NOT NULL,
  `MOOD_NAME` varchar(150) NOT NULL,
  `MOOD_STATUS` tinyint(2) DEFAULT '1',
  `MOOD_CREATED_ON` timestamp NOT NULL DEFAULT CURRENT_TIMESTAMP,
  `MOOD_UPDATED_ON` timestamp NOT NULL DEFAULT CURRENT_TIMESTAMP
) ENGINE=InnoDB DEFAULT CHARSET=latin1;

--
-- Dumping data for table `mood_types`
--

INSERT INTO `mood_types` (`MOOD_ID`, `MOOD_NAME`, `MOOD_STATUS`, `MOOD_CREATED_ON`, `MOOD_UPDATED_ON`) VALUES
(1, 'Love', 1, '2016-12-20 05:53:12', '2016-12-20 05:53:12'),
(2, 'Mad', 1, '2016-12-20 05:53:13', '2016-12-20 05:53:13'),
(3, 'Joyfull', 1, '2016-12-20 05:53:13', '2016-12-20 05:53:13');

-- --------------------------------------------------------

--
-- Table structure for table `podcast_categories`
--

CREATE TABLE `podcast_categories` (
  `PODCAST_ID` int(11) NOT NULL,
  `PODCAST_NAME` varchar(150) NOT NULL,
  `PODCAST_STATUS` tinyint(2) DEFAULT '1',
  `PODCAST_CREATED_ON` timestamp NOT NULL DEFAULT CURRENT_TIMESTAMP,
  `PODCAST_UPDATED_ON` timestamp NOT NULL DEFAULT CURRENT_TIMESTAMP
) ENGINE=InnoDB DEFAULT CHARSET=latin1;

--
-- Dumping data for table `podcast_categories`
--

INSERT INTO `podcast_categories` (`PODCAST_ID`, `PODCAST_NAME`, `PODCAST_STATUS`, `PODCAST_CREATED_ON`, `PODCAST_UPDATED_ON`) VALUES
(1, 'Fashion & Beauty', 1, '2016-12-20 06:04:15', '2016-12-20 06:04:15'),
(2, 'Business News', 1, '2016-12-20 06:04:15', '2016-12-20 06:04:15');

-- --------------------------------------------------------

--
-- Table structure for table `songs`
--

CREATE TABLE `songs` (
  `SONG_ID` int(11) NOT NULL,
  `SONG_ALBUM_ID` int(11) NOT NULL,
  `SONG_NAME` varchar(200) NOT NULL,
  `SONG_AMOUNT` decimal(10,2) NOT NULL,
  `SONG_COMPANY_PERCENTAGE` decimal(10,2) NOT NULL,
  `SONG_COVER_IMAGE` varchar(150) DEFAULT NULL,
  `SONG_GENRES_ID` int(11) NOT NULL,
  `SONG_MOOD_ID` int(11) NOT NULL,
  `SONG_LOCATION` varchar(200) DEFAULT NULL,
  `SONG_CITY` varchar(200) DEFAULT NULL,
  `SONG_COUNTRY` varchar(200) DEFAULT NULL,
  `SONG_LISTENED_COUNT` int(11) NOT NULL DEFAULT '0',
  `SONG_FOLLOWER_COUNT` int(11) NOT NULL DEFAULT '0',
  `SONG_IS_PODCAST` tinyint(2) NOT NULL DEFAULT '0',
  `SONG_PODCAST_CATEGORY` int(11) NOT NULL DEFAULT '0',
  `SONG_STATUS` tinyint(2) DEFAULT '1',
  `SONG_CREATED_ON` timestamp NOT NULL DEFAULT CURRENT_TIMESTAMP,
  `SONG_UPDATED_ON` timestamp NOT NULL DEFAULT CURRENT_TIMESTAMP
) ENGINE=InnoDB DEFAULT CHARSET=latin1;

--
-- Dumping data for table `songs`
--

INSERT INTO `songs` (`SONG_ID`, `SONG_ALBUM_ID`, `SONG_NAME`, `SONG_AMOUNT`, `SONG_COMPANY_PERCENTAGE`, `SONG_COVER_IMAGE`, `SONG_GENRES_ID`, `SONG_MOOD_ID`, `SONG_LOCATION`, `SONG_CITY`, `SONG_COUNTRY`, `SONG_LISTENED_COUNT`, `SONG_FOLLOWER_COUNT`, `SONG_IS_PODCAST`, `SONG_PODCAST_CATEGORY`, `SONG_STATUS`, `SONG_CREATED_ON`, `SONG_UPDATED_ON`) VALUES
(1, 1, 'One Dance', '100.00', '10.00', 'onedance.png', 1, 1, 'chennai', 'chennai', 'india', 0, 0, 0, 0, 1, '2016-12-21 12:03:10', '2016-12-29 00:39:30'),
(2, 3, 'Fake Love1', '100.00', '100.00', 'Song_1482755515.jpg', 2, 1, 'chennai', 'chennai', 'india', 0, 0, 1, 2, 1, '2016-12-21 12:03:10', '2017-01-03 06:21:27'),
(6, 2, 'new song', '100.00', '10.00', 'Album_1482735541.jpg', 1, 2, 'fgdfgfd', 'gfdgdf', 'fgfd', 0, 0, 1, 1, 1, '2016-12-26 02:29:01', '2016-12-26 02:29:01'),
(7, 2, 'sdas', '21.00', '32.00', 'Album_1482735940.jpg', 1, 1, 'sdfsd', 'dsfsd', 'dfsd', 0, 0, 1, 1, 1, '2016-12-26 02:35:40', '2016-12-26 02:35:40'),
(8, 1, 'sdsfd', '54.00', '45.00', 'Album_1482736285.jpg', 1, 1, 'fgfd', 'gdfgdf', 'gdfgdf', 0, 0, 1, 1, 1, '2016-12-26 02:41:25', '2016-12-27 01:19:15'),
(9, 6, 'you you', '200.00', '10.00', 'Song_1483005051.jpg', 1, 2, 'chennai', 'chennai', 'chennai', 0, 0, 1, 2, 1, '2016-12-29 05:20:51', '2016-12-29 05:26:02'),
(10, 3, 'welcome2017', '1000.00', '10.00', 'Song_1483438182.jpg', 1, 2, 'india', 'india', 'chennai', 0, 0, 1, 1, 1, '2017-01-03 05:39:42', '2017-01-03 05:39:42'),
(11, 7, 'new', '1000.00', '10.00', 'Song_1483448804.jpg', 1, 2, 'india', 'india', 'india', 0, 0, 0, 0, 1, '2017-01-03 08:36:44', '2017-01-03 08:36:44');

-- --------------------------------------------------------

--
-- Table structure for table `song_history`
--

CREATE TABLE `song_history` (
  `HISTORY_ID` int(11) NOT NULL,
  `USER_ID` int(11) NOT NULL,
  `ALBUM_ID` int(11) NOT NULL,
  `SONG_ID` int(11) NOT NULL,
  `STATUS` tinyint(2) NOT NULL DEFAULT '0',
  `CREATED_ON` timestamp NOT NULL DEFAULT CURRENT_TIMESTAMP
) ENGINE=InnoDB DEFAULT CHARSET=latin1;

--
-- Dumping data for table `song_history`
--

INSERT INTO `song_history` (`HISTORY_ID`, `USER_ID`, `ALBUM_ID`, `SONG_ID`, `STATUS`, `CREATED_ON`) VALUES
(1, 1, 2, 6, 0, '2017-01-06 10:11:08'),
(2, 2, 3, 2, 0, '2017-01-06 10:11:08'),
(3, 1, 3, 2, 0, '2017-01-06 10:28:22');

-- --------------------------------------------------------

--
-- Table structure for table `song_percentages`
--

CREATE TABLE `song_percentages` (
  `PERCENTAGE_ID` int(11) NOT NULL,
  `SONG_ID` int(11) NOT NULL,
  `ARTIST_TYPE_ID` int(11) NOT NULL,
  `ARTIST_ID` int(11) NOT NULL,
  `ARTIST_PERCENTAGE` decimal(10,2) NOT NULL,
  `CREATED_ON` timestamp NOT NULL DEFAULT CURRENT_TIMESTAMP,
  `UPDATED_ON` timestamp NOT NULL DEFAULT CURRENT_TIMESTAMP
) ENGINE=InnoDB DEFAULT CHARSET=latin1;

--
-- Dumping data for table `song_percentages`
--

INSERT INTO `song_percentages` (`PERCENTAGE_ID`, `SONG_ID`, `ARTIST_TYPE_ID`, `ARTIST_ID`, `ARTIST_PERCENTAGE`, `CREATED_ON`, `UPDATED_ON`) VALUES
(1, 1, 1, 2, '10.00', '2016-12-21 12:03:48', '2016-12-29 00:39:30'),
(2, 1, 2, 1, '10.00', '2016-12-21 12:03:48', '2016-12-29 00:39:30'),
(3, 2, 1, 2, '10.00', '2016-12-21 12:04:11', '2017-01-03 06:21:27'),
(5, 2, 2, 1, '10.00', '2016-12-21 12:04:25', '2017-01-03 06:21:27'),
(6, 6, 1, 2, '90.00', '2016-12-26 02:29:01', '2016-12-27 00:38:05'),
(7, 6, 2, 1, '52.00', '2016-12-26 02:29:01', '2016-12-27 00:38:05'),
(8, 8, 1, 2, '32.00', '2016-12-26 02:41:25', '2016-12-27 01:19:15'),
(9, 8, 2, 1, '43.00', '2016-12-26 02:41:25', '2016-12-27 01:19:15'),
(10, 6, 3, 3, '50.00', '2016-12-27 00:38:05', '2016-12-27 00:38:05'),
(11, 8, 3, 3, '45.00', '2016-12-27 01:19:15', '2016-12-27 01:19:15'),
(12, 9, 1, 2, '10.00', '2016-12-29 05:20:51', '2016-12-29 05:26:02'),
(13, 9, 2, 1, '10.00', '2016-12-29 05:20:51', '2016-12-29 05:26:02'),
(14, 9, 3, 3, '40.00', '2016-12-29 05:20:51', '2016-12-29 05:26:02'),
(15, 9, 4, 4, '50.00', '2016-12-29 05:20:51', '2016-12-29 05:26:02'),
(16, 9, 5, 5, '10.00', '2016-12-29 05:20:51', '2016-12-29 05:26:02');

-- --------------------------------------------------------

--
-- Table structure for table `users`
--

CREATE TABLE `users` (
  `USER_ID` int(11) NOT NULL,
  `USER_USERNAME` varchar(100) NOT NULL,
  `USER_PASSWORD` varchar(100) NOT NULL,
  `USER_EMAIL` varchar(100) NOT NULL,
  `USER_DOB` date NOT NULL,
  `USER_GENDER` tinyint(2) DEFAULT '0',
  `USER_PHONE` int(11) DEFAULT '0',
  `USER_STATUS` tinyint(2) DEFAULT '0',
  `USER_CREATED_ON` timestamp NOT NULL DEFAULT CURRENT_TIMESTAMP,
  `USER_UPDATED_ON` timestamp NOT NULL DEFAULT CURRENT_TIMESTAMP
) ENGINE=InnoDB DEFAULT CHARSET=latin1;

--
-- Dumping data for table `users`
--

INSERT INTO `users` (`USER_ID`, `USER_USERNAME`, `USER_PASSWORD`, `USER_EMAIL`, `USER_DOB`, `USER_GENDER`, `USER_PHONE`, `USER_STATUS`, `USER_CREATED_ON`, `USER_UPDATED_ON`) VALUES
(1, 'muthuraj', '40be4e59b9a2a2b5dffb918c0e86b3d7', 'muthu@digient.in', '1989-01-12', 1, 95656465, 1, '2016-12-26 09:13:47', '2016-12-29 00:43:55'),
(2, 'raj', '40be4e59b9a2a2b5dffb918c0e86b3d7', 'raj@digient.in', '2016-12-06', 1, 98656598, 1, '2016-12-26 09:13:47', '2016-12-26 09:13:47'),
(3, 'selvi', '40be4e59b9a2a2b5dffb918c0e86b3d7', 'selvi@digient.in', '2016-12-01', 2, 0, 1, '2016-12-28 13:02:41', '2016-12-28 13:02:41'),
(4, 'raji', '40be4e59b9a2a2b5dffb918c0e86b3d7', 'raji@gmail.com', '2016-12-01', 2, 0, 1, '2016-12-28 13:02:41', '2016-12-28 13:02:41'),
(5, 'muthu', '40be4e59b9a2a2b5dffb918c0e86b3d7', 'muthu@digient.com', '0000-00-00', 1, 0, 0, '2017-01-02 09:44:48', '2017-01-02 09:44:48'),
(6, 'muthu1', '40be4e59b9a2a2b5dffb918c0e86b3d7', 'muthu1@digient.com', '0000-00-00', 1, 0, 0, '2017-01-02 09:50:39', '2017-01-02 09:50:39'),
(7, 'muthu2', '40be4e59b9a2a2b5dffb918c0e86b3d7', 'muthu2@digient.com', '0000-00-00', 1, 0, 0, '2017-01-02 10:01:48', '2017-01-02 10:01:48'),
(8, 'muthu3', '40be4e59b9a2a2b5dffb918c0e86b3d7', 'muthu3@digient.com', '1989-03-15', 1, 0, 0, '2017-01-02 10:07:53', '2017-01-02 10:07:53'),
(9, 'muthu4', '40be4e59b9a2a2b5dffb918c0e86b3d7', 'muthu4@digient.com', '1989-03-15', 1, 0, 0, '2017-01-02 10:10:52', '2017-01-02 10:10:52'),
(10, 'muthu5', '40be4e59b9a2a2b5dffb918c0e86b3d7', 'muthu5@digient.com', '1989-03-15', 1, 0, 0, '2017-01-02 10:14:07', '2017-01-02 10:14:07'),
(11, 'muthu6', '40be4e59b9a2a2b5dffb918c0e86b3d7', 'muthu6@digient.com', '1989-03-15', 1, 0, 0, '2017-01-02 10:14:44', '2017-01-02 10:14:44'),
(12, 'muthu7', '40be4e59b9a2a2b5dffb918c0e86b3d7', 'muthu7@digient.com', '1989-03-15', 1, 905454545, 1, '2017-01-02 10:17:05', '2017-01-03 06:20:45'),
(13, 'muthu8', '40be4e59b9a2a2b5dffb918c0e86b3d7', 'muthu8@digient.com', '1989-03-15', 1, 0, 1, '2017-01-02 11:37:57', '2017-01-02 11:37:57'),
(14, 'muthu9', '40be4e59b9a2a2b5dffb918c0e86b3d7', 'muthu9@digient.com', '0000-00-00', 1, 0, 1, '2017-01-04 05:09:55', '2017-01-04 05:09:55'),
(15, 'muthuvel', '40be4e59b9a2a2b5dffb918c0e86b3d7', 'muthu.n@digient.com', '1989-03-15', 1, 0, 1, '2017-01-04 05:12:33', '2017-01-04 05:12:33');

-- --------------------------------------------------------

--
-- Table structure for table `user_playlists`
--

CREATE TABLE `user_playlists` (
  `PLAYLIST_ID` int(11) NOT NULL,
  `USER_ID` int(11) NOT NULL,
  `PLAYLIST_NAME` varchar(100) NOT NULL,
  `PLAYLIST_STATUS` tinyint(2) NOT NULL DEFAULT '1',
  `PLAYLIST_CREATED_ON` timestamp NOT NULL DEFAULT CURRENT_TIMESTAMP,
  `PLAYLIST_UPDATED_ON` timestamp NOT NULL DEFAULT CURRENT_TIMESTAMP
) ENGINE=InnoDB DEFAULT CHARSET=latin1;

--
-- Dumping data for table `user_playlists`
--

INSERT INTO `user_playlists` (`PLAYLIST_ID`, `USER_ID`, `PLAYLIST_NAME`, `PLAYLIST_STATUS`, `PLAYLIST_CREATED_ON`, `PLAYLIST_UPDATED_ON`) VALUES
(1, 1, 'new year song', 1, '2017-01-06 10:45:58', '2017-01-06 10:45:58'),
(2, 1, 'year 2017', 1, '2017-01-06 10:45:58', '2017-01-06 10:45:58'),
(3, 1, 'newyear', 1, '2017-01-06 11:41:23', '2017-01-06 11:41:23'),
(4, 1, 'newyear1', 1, '2017-01-06 13:16:09', '2017-01-06 13:16:09');

-- --------------------------------------------------------

--
-- Table structure for table `user_playlist_songs`
--

CREATE TABLE `user_playlist_songs` (
  `ID` int(11) NOT NULL,
  `PLAYLIST_ID` int(11) NOT NULL,
  `USER_ID` int(11) NOT NULL,
  `ALBUM_ID` int(11) NOT NULL,
  `SONG_ID` int(11) NOT NULL,
  `CREATED_ON` timestamp NOT NULL DEFAULT CURRENT_TIMESTAMP,
  `UPDATED_ON` timestamp NOT NULL DEFAULT CURRENT_TIMESTAMP
) ENGINE=InnoDB DEFAULT CHARSET=latin1;

--
-- Dumping data for table `user_playlist_songs`
--

INSERT INTO `user_playlist_songs` (`ID`, `PLAYLIST_ID`, `USER_ID`, `ALBUM_ID`, `SONG_ID`, `CREATED_ON`, `UPDATED_ON`) VALUES
(1, 1, 1, 2, 6, '2017-01-06 10:56:06', '2017-01-06 10:56:06'),
(2, 2, 1, 3, 2, '2017-01-06 10:56:06', '2017-01-06 10:56:06'),
(3, 1, 1, 6, 9, '2017-01-06 11:02:41', '2017-01-06 11:02:41');

--
-- Indexes for dumped tables
--

--
-- Indexes for table `activity_tracking`
--
ALTER TABLE `activity_tracking`
  ADD PRIMARY KEY (`ACTIVITY_ID`);

--
-- Indexes for table `admin_user`
--
ALTER TABLE `admin_user`
  ADD PRIMARY KEY (`ADMIN_USER_ID`);

--
-- Indexes for table `albums`
--
ALTER TABLE `albums`
  ADD PRIMARY KEY (`ALBUM_ID`),
  ADD KEY `FK_ALBUM_ARTISTS_ID` (`ALBUM_ARTISTS_ID`),
  ADD KEY `FK_ALBUM_GENRES_ID` (`ALBUM_GENRES_ID`);

--
-- Indexes for table `artists`
--
ALTER TABLE `artists`
  ADD PRIMARY KEY (`ARTISTS_ID`),
  ADD UNIQUE KEY `ARTISTS_USERNAME` (`ARTISTS_USERNAME`),
  ADD KEY `FK_ARTISTS_TYPE_ID` (`ARTISTS_TYPE_ID`);

--
-- Indexes for table `artists_type`
--
ALTER TABLE `artists_type`
  ADD PRIMARY KEY (`ARTISTS_TYPE_ID`);

--
-- Indexes for table `genres_types`
--
ALTER TABLE `genres_types`
  ADD PRIMARY KEY (`GENRES_ID`);

--
-- Indexes for table `mood_types`
--
ALTER TABLE `mood_types`
  ADD PRIMARY KEY (`MOOD_ID`);

--
-- Indexes for table `podcast_categories`
--
ALTER TABLE `podcast_categories`
  ADD PRIMARY KEY (`PODCAST_ID`);

--
-- Indexes for table `songs`
--
ALTER TABLE `songs`
  ADD PRIMARY KEY (`SONG_ID`),
  ADD KEY `FK_ALBUM_ID` (`SONG_ALBUM_ID`),
  ADD KEY `FK_SONG_GENRES_ID` (`SONG_GENRES_ID`);

--
-- Indexes for table `song_history`
--
ALTER TABLE `song_history`
  ADD PRIMARY KEY (`HISTORY_ID`),
  ADD KEY `FK_USER_ID` (`USER_ID`);

--
-- Indexes for table `song_percentages`
--
ALTER TABLE `song_percentages`
  ADD PRIMARY KEY (`PERCENTAGE_ID`),
  ADD KEY `FK_SONG_ID` (`SONG_ID`),
  ADD KEY `FK_ARTIST_TYPE_ID` (`ARTIST_TYPE_ID`),
  ADD KEY `FK_ARTIST_ID` (`ARTIST_ID`);

--
-- Indexes for table `users`
--
ALTER TABLE `users`
  ADD PRIMARY KEY (`USER_ID`),
  ADD UNIQUE KEY `USER_USERNAME` (`USER_USERNAME`);

--
-- Indexes for table `user_playlists`
--
ALTER TABLE `user_playlists`
  ADD PRIMARY KEY (`PLAYLIST_ID`),
  ADD UNIQUE KEY `UNI_PLAYLIST_NAME` (`USER_ID`,`PLAYLIST_NAME`);

--
-- Indexes for table `user_playlist_songs`
--
ALTER TABLE `user_playlist_songs`
  ADD PRIMARY KEY (`ID`),
  ADD KEY `FK_PLAYLIST_ID` (`PLAYLIST_ID`);

--
-- AUTO_INCREMENT for dumped tables
--

--
-- AUTO_INCREMENT for table `activity_tracking`
--
ALTER TABLE `activity_tracking`
  MODIFY `ACTIVITY_ID` int(11) NOT NULL AUTO_INCREMENT, AUTO_INCREMENT=42;
--
-- AUTO_INCREMENT for table `admin_user`
--
ALTER TABLE `admin_user`
  MODIFY `ADMIN_USER_ID` bigint(20) NOT NULL AUTO_INCREMENT, AUTO_INCREMENT=10002;
--
-- AUTO_INCREMENT for table `albums`
--
ALTER TABLE `albums`
  MODIFY `ALBUM_ID` int(11) NOT NULL AUTO_INCREMENT, AUTO_INCREMENT=8;
--
-- AUTO_INCREMENT for table `artists`
--
ALTER TABLE `artists`
  MODIFY `ARTISTS_ID` int(11) NOT NULL AUTO_INCREMENT, AUTO_INCREMENT=8;
--
-- AUTO_INCREMENT for table `artists_type`
--
ALTER TABLE `artists_type`
  MODIFY `ARTISTS_TYPE_ID` int(11) NOT NULL AUTO_INCREMENT, AUTO_INCREMENT=6;
--
-- AUTO_INCREMENT for table `genres_types`
--
ALTER TABLE `genres_types`
  MODIFY `GENRES_ID` int(11) NOT NULL AUTO_INCREMENT, AUTO_INCREMENT=3;
--
-- AUTO_INCREMENT for table `mood_types`
--
ALTER TABLE `mood_types`
  MODIFY `MOOD_ID` int(11) NOT NULL AUTO_INCREMENT, AUTO_INCREMENT=4;
--
-- AUTO_INCREMENT for table `podcast_categories`
--
ALTER TABLE `podcast_categories`
  MODIFY `PODCAST_ID` int(11) NOT NULL AUTO_INCREMENT, AUTO_INCREMENT=3;
--
-- AUTO_INCREMENT for table `songs`
--
ALTER TABLE `songs`
  MODIFY `SONG_ID` int(11) NOT NULL AUTO_INCREMENT, AUTO_INCREMENT=12;
--
-- AUTO_INCREMENT for table `song_history`
--
ALTER TABLE `song_history`
  MODIFY `HISTORY_ID` int(11) NOT NULL AUTO_INCREMENT, AUTO_INCREMENT=4;
--
-- AUTO_INCREMENT for table `song_percentages`
--
ALTER TABLE `song_percentages`
  MODIFY `PERCENTAGE_ID` int(11) NOT NULL AUTO_INCREMENT, AUTO_INCREMENT=17;
--
-- AUTO_INCREMENT for table `users`
--
ALTER TABLE `users`
  MODIFY `USER_ID` int(11) NOT NULL AUTO_INCREMENT, AUTO_INCREMENT=16;
--
-- AUTO_INCREMENT for table `user_playlists`
--
ALTER TABLE `user_playlists`
  MODIFY `PLAYLIST_ID` int(11) NOT NULL AUTO_INCREMENT, AUTO_INCREMENT=5;
--
-- AUTO_INCREMENT for table `user_playlist_songs`
--
ALTER TABLE `user_playlist_songs`
  MODIFY `ID` int(11) NOT NULL AUTO_INCREMENT, AUTO_INCREMENT=4;
--
-- Constraints for dumped tables
--

--
-- Constraints for table `albums`
--
ALTER TABLE `albums`
  ADD CONSTRAINT `FK_ALBUM_ARTISTS_ID` FOREIGN KEY (`ALBUM_ARTISTS_ID`) REFERENCES `artists` (`ARTISTS_ID`),
  ADD CONSTRAINT `FK_ALBUM_GENRES_ID` FOREIGN KEY (`ALBUM_GENRES_ID`) REFERENCES `genres_types` (`GENRES_ID`);

--
-- Constraints for table `artists`
--
ALTER TABLE `artists`
  ADD CONSTRAINT `FK_ARTISTS_TYPE_ID` FOREIGN KEY (`ARTISTS_TYPE_ID`) REFERENCES `artists_type` (`ARTISTS_TYPE_ID`);

--
-- Constraints for table `songs`
--
ALTER TABLE `songs`
  ADD CONSTRAINT `FK_ALBUM_ID` FOREIGN KEY (`SONG_ALBUM_ID`) REFERENCES `albums` (`ALBUM_ID`),
  ADD CONSTRAINT `FK_SONG_GENRES_ID` FOREIGN KEY (`SONG_GENRES_ID`) REFERENCES `genres_types` (`GENRES_ID`);

--
-- Constraints for table `song_history`
--
ALTER TABLE `song_history`
  ADD CONSTRAINT `FK_USER_ID` FOREIGN KEY (`USER_ID`) REFERENCES `users` (`USER_ID`);

--
-- Constraints for table `song_percentages`
--
ALTER TABLE `song_percentages`
  ADD CONSTRAINT `FK_ARTIST_ID` FOREIGN KEY (`ARTIST_ID`) REFERENCES `artists` (`ARTISTS_ID`),
  ADD CONSTRAINT `FK_ARTIST_TYPE_ID` FOREIGN KEY (`ARTIST_TYPE_ID`) REFERENCES `artists_type` (`ARTISTS_TYPE_ID`),
  ADD CONSTRAINT `FK_SONG_ID` FOREIGN KEY (`SONG_ID`) REFERENCES `songs` (`SONG_ID`);

--
-- Constraints for table `user_playlists`
--
ALTER TABLE `user_playlists`
  ADD CONSTRAINT `FK_PLAYLIST_USER_ID` FOREIGN KEY (`USER_ID`) REFERENCES `users` (`USER_ID`);

--
-- Constraints for table `user_playlist_songs`
--
ALTER TABLE `user_playlist_songs`
  ADD CONSTRAINT `FK_PLAYLIST_ID` FOREIGN KEY (`PLAYLIST_ID`) REFERENCES `user_playlists` (`PLAYLIST_ID`);

/*!40101 SET CHARACTER_SET_CLIENT=@OLD_CHARACTER_SET_CLIENT */;
/*!40101 SET CHARACTER_SET_RESULTS=@OLD_CHARACTER_SET_RESULTS */;
/*!40101 SET COLLATION_CONNECTION=@OLD_COLLATION_CONNECTION */;
